date,taxon,group,count_per_m3,temp_c,humidity_pct,wind_ms
2025-04-28,Betulaceae (неопред.),древесные,14.0,20.0,61.0,3.9
2025-04-28,Picea (ель),древесные,6.0,20.0,61.0,3.9
2025-04-28,Pinaceae (неопред.),древесные,14.0,20.0,61.0,3.9
2025-04-29,Betulaceae (неопред.),древесные,16.0,21.0,61.0,3.9
2025-04-29,Picea (ель),древесные,6.0,21.0,61.0,3.9
2025-04-29,Pinaceae (неопред.),древесные,14.0,21.0,61.0,3.9
2025-04-30,Betulaceae (неопред.),древесные,14.0,21.0,61.0,3.5
2025-04-30,Picea (ель),древесные,6.0,21.0,61.0,3.5
2025-04-30,Pinaceae (неопред.),древесные,14.0,21.0,61.0,3.5
2025-05-01,Betulaceae (неопред.),древесные,16.0,20.0,61.0,3.9
2025-05-01,Picea (ель),древесные,7.0,20.0,61.0,3.9
2025-05-01,Pinaceae (неопред.),древесные,12.0,20.0,61.0,3.9
2025-05-02,Betulaceae (неопред.),древесные,16.0,20.0,61.0,3.7
2025-05-02,Picea (ель),древесные,6.0,20.0,61.0,3.7
2025-05-02,Pinaceae (неопред.),древесные,14.0,20.0,61.0,3.7
2025-05-03,Betulaceae (неопред.),древесные,14.0,20.0,62.0,3.8
2025-05-03,Picea (ель),древесные,6.0,20.0,62.0,3.8
2025-05-03,Pinaceae (неопред.),древесные,14.0,20.0,62.0,3.8
2025-05-04,Betulaceae (неопред.),древесные,14.0,22.0,61.0,3.4
2025-05-04,Picea (ель),древесные,6.0,22.0,61.0,3.4
2025-05-04,Pinaceae (неопред.),древесные,14.0,22.0,61.0,3.4
2025-05-05,Betula (берёза),древесные,14.0,23.0,57.99999999999999,3.7
2025-05-05,Cedrus (кедр),древесные,2.0,23.0,57.99999999999999,3.7
2025-05-05,Convolvulus (вьюнок),травы,2.0,23.0,57.99999999999999,3.7
2025-05-05,Corylus (лещина),древесные,2.0,23.0,57.99999999999999,3.7
2025-05-05,Cyperaceae (осоковые),травы,4.0,23.0,57.99999999999999,3.7
2025-05-05,Onobrychis (эспарцет),травы,2.0,23.0,57.99999999999999,3.7
2025-05-05,Pinaceae (неопред.),древесные,25.0,23.0,57.99999999999999,3.7
2025-05-05,Poaceae (злаковые),травы,7.0,23.0,57.99999999999999,3.7
2025-05-05,Salix (ива),древесные,2.0,23.0,57.99999999999999,3.7
2025-05-05,Taraxacum (одуванчик),травы,3.0,23.0,57.99999999999999,3.7
2025-05-05,Ulmus (вяз),древесные,16.0,23.0,57.99999999999999,3.7
2025-05-06,Betula (берёза),древесные,12.0,22.0,63.0,4.0
2025-05-06,Cedrus (кедр),древесные,2.0,22.0,63.0,4.0
2025-05-06,Convolvulus (вьюнок),травы,2.0,22.0,63.0,4.0
2025-05-06,Corylus (лещина),древесные,1.0,22.0,63.0,4.0
2025-05-06,Cyperaceae (осоковые),травы,3.0,22.0,63.0,4.0
2025-05-06,Onobrychis (эспарцет),травы,2.0,22.0,63.0,4.0
2025-05-06,Pinaceae (неопред.),древесные,22.0,22.0,63.0,4.0
2025-05-06,Poaceae (злаковые),травы,7.0,22.0,63.0,4.0
2025-05-06,Salix (ива),древесные,3.0,22.0,63.0,4.0
2025-05-06,Taraxacum (одуванчик),травы,3.0,22.0,63.0,4.0
2025-05-06,Ulmus (вяз),древесные,17.0,22.0,63.0,4.0
2025-05-07,Betula (берёза),древесные,12.0,23.0,60.0,3.7
2025-05-07,Cedrus (кедр),древесные,2.0,23.0,60.0,3.7
2025-05-07,Convolvulus (вьюнок),травы,2.0,23.0,60.0,3.7
2025-05-07,Corylus (лещина),древесные,3.0,23.0,60.0,3.7
2025-05-07,Cyperaceae (осоковые),травы,3.0,23.0,60.0,3.7
2025-05-07,Onobrychis (эспарцет),травы,2.0,23.0,60.0,3.7
2025-05-07,Pinaceae (неопред.),древесные,24.0,23.0,60.0,3.7
2025-05-07,Poaceae (злаковые),травы,7.0,23.0,60.0,3.7
2025-05-07,Salix (ива),древесные,3.0,23.0,60.0,3.7
2025-05-07,Taraxacum (одуванчик),травы,3.0,23.0,60.0,3.7
2025-05-07,Ulmus (вяз),древесные,16.0,23.0,60.0,3.7
2025-05-08,Betula (берёза),древесные,13.0,24.0,56.00000000000001,3.2
2025-05-08,Cedrus (кедр),древесные,2.0,24.0,56.00000000000001,3.2
2025-05-08,Convolvulus (вьюнок),травы,2.0,24.0,56.00000000000001,3.2
2025-05-08,Corylus (лещина),древесные,3.0,24.0,56.00000000000001,3.2
2025-05-08,Cyperaceae (осоковые),травы,3.0,24.0,56.00000000000001,3.2
2025-05-08,Onobrychis (эспарцет),травы,2.0,24.0,56.00000000000001,3.2
2025-05-08,Pinaceae (неопред.),древесные,26.0,24.0,56.00000000000001,3.2
2025-05-08,Poaceae (злаковые),травы,7.0,24.0,56.00000000000001,3.2
2025-05-08,Salix (ива),древесные,3.0,24.0,56.00000000000001,3.2
2025-05-08,Taraxacum (одуванчик),травы,3.0,24.0,56.00000000000001,3.2
2025-05-08,Ulmus (вяз),древесные,17.0,24.0,56.00000000000001,3.2
2025-05-09,Betula (берёза),древесные,11.0,24.0,57.99999999999999,3.5
2025-05-09,Cedrus (кедр),древесные,2.0,24.0,57.99999999999999,3.5
2025-05-09,Convolvulus (вьюнок),травы,2.0,24.0,57.99999999999999,3.5
2025-05-09,Corylus (лещина),древесные,3.0,24.0,57.99999999999999,3.5
2025-05-09,Cyperaceae (осоковые),травы,4.0,24.0,57.99999999999999,3.5
2025-05-09,Onobrychis (эспарцет),травы,2.0,24.0,57.99999999999999,3.5
2025-05-09,Pinaceae (неопред.),древесные,25.0,24.0,57.99999999999999,3.5
2025-05-09,Poaceae (злаковые),травы,7.0,24.0,57.99999999999999,3.5
2025-05-09,Salix (ива),древесные,3.0,24.0,57.99999999999999,3.5
2025-05-09,Taraxacum (одуванчик),травы,3.0,24.0,57.99999999999999,3.5
2025-05-09,Ulmus (вяз),древесные,17.0,24.0,57.99999999999999,3.5
2025-05-10,Betula (берёза),древесные,12.0,23.0,61.0,3.7
2025-05-10,Cedrus (кедр),древесные,3.0,23.0,61.0,3.7
2025-05-10,Convolvulus (вьюнок),травы,3.0,23.0,61.0,3.7
2025-05-10,Corylus (лещина),древесные,3.0,23.0,61.0,3.7
2025-05-10,Cyperaceae (осоковые),травы,4.0,23.0,61.0,3.7
2025-05-10,Onobrychis (эспарцет),травы,3.0,23.0,61.0,3.7
2025-05-10,Pinaceae (неопред.),древесные,26.0,23.0,61.0,3.7
2025-05-10,Poaceae (злаковые),травы,7.0,23.0,61.0,3.7
2025-05-10,Salix (ива),древесные,3.0,23.0,61.0,3.7
2025-05-10,Taraxacum (одуванчик),травы,3.0,23.0,61.0,3.7
2025-05-10,Ulmus (вяз),древесные,17.0,23.0,61.0,3.7
2025-05-11,Betula (берёза),древесные,12.0,23.0,57.99999999999999,3.4
2025-05-11,Cedrus (кедр),древесные,2.0,23.0,57.99999999999999,3.4
2025-05-11,Convolvulus (вьюнок),травы,2.0,23.0,57.99999999999999,3.4
2025-05-11,Corylus (лещина),древесные,2.0,23.0,57.99999999999999,3.4
2025-05-11,Cyperaceae (осоковые),травы,3.0,23.0,57.99999999999999,3.4
2025-05-11,Onobrychis (эспарцет),травы,2.0,23.0,57.99999999999999,3.4
2025-05-11,Pinaceae (неопред.),древесные,24.0,23.0,57.99999999999999,3.4
2025-05-11,Poaceae (злаковые),травы,7.0,23.0,57.99999999999999,3.4
2025-05-11,Salix (ива),древесные,3.0,23.0,57.99999999999999,3.4
2025-05-11,Taraxacum (одуванчик),травы,3.0,23.0,57.99999999999999,3.4
2025-05-11,Ulmus (вяз),древесные,17.0,23.0,57.99999999999999,3.4
2025-05-12,Acacia (акация),древесные,4.0,23.0,60.0,3.4
2025-05-12,Brassica (рапс),травы,19.0,23.0,60.0,3.4
2025-05-12,Cyperaceae (осоковые),травы,19.0,23.0,60.0,3.4
2025-05-12,Lamiaceae (яснотковые),травы,7.0,23.0,60.0,3.4
2025-05-12,Onobrychis (эспарцет),травы,9.0,23.0,60.0,3.4
2025-05-12,Picea (ель),древесные,31.0,23.0,60.0,3.4
2025-05-12,Pinaceae (неопред.),древесные,45.0,23.0,60.0,3.4
2025-05-12,Poaceae (злаковые),травы,30.0,23.0,60.0,3.4
2025-05-12,Sedum (очиток),травы,3.0,23.0,60.0,3.4
2025-05-12,Taraxacum (одуванчик),травы,4.0,23.0,60.0,3.4
2025-05-13,Acacia (акация),древесные,4.0,24.0,57.99999999999999,3.5
2025-05-13,Brassica (рапс),травы,21.0,24.0,57.99999999999999,3.5
2025-05-13,Cyperaceae (осоковые),травы,19.0,24.0,57.99999999999999,3.5
2025-05-13,Lamiaceae (яснотковые),травы,6.0,24.0,57.99999999999999,3.5
2025-05-13,Onobrychis (эспарцет),травы,9.0,24.0,57.99999999999999,3.5
2025-05-13,Picea (ель),древесные,31.0,24.0,57.99999999999999,3.5
2025-05-13,Pinaceae (неопред.),древесные,45.0,24.0,57.99999999999999,3.5
2025-05-13,Poaceae (злаковые),травы,28.0,24.0,57.99999999999999,3.5
2025-05-13,Sedum (очиток),травы,3.0,24.0,57.99999999999999,3.5
2025-05-13,Taraxacum (одуванчик),травы,4.0,24.0,57.99999999999999,3.5
2025-05-14,Acacia (акация),древесные,0.0,24.0,56.99999999999999,4.0
2025-05-14,Brassica (рапс),травы,19.0,24.0,56.99999999999999,4.0
2025-05-14,Cyperaceae (осоковые),травы,20.0,24.0,56.99999999999999,4.0
2025-05-14,Lamiaceae (яснотковые),травы,7.0,24.0,56.99999999999999,4.0
2025-05-14,Onobrychis (эспарцет),травы,9.0,24.0,56.99999999999999,4.0
2025-05-14,Picea (ель),древесные,31.0,24.0,56.99999999999999,4.0
2025-05-14,Pinaceae (неопред.),древесные,45.0,24.0,56.99999999999999,4.0
2025-05-14,Poaceae (злаковые),травы,30.0,24.0,56.99999999999999,4.0
2025-05-14,Sedum (очиток),травы,3.0,24.0,56.99999999999999,4.0
2025-05-14,Taraxacum (одуванчик),травы,4.0,24.0,56.99999999999999,4.0
2025-05-15,Acacia (акация),древесные,3.0,25.0,55.00000000000001,3.2
2025-05-15,Brassica (рапс),травы,21.0,25.0,55.00000000000001,3.2
2025-05-15,Cyperaceae (осоковые),травы,19.0,25.0,55.00000000000001,3.2
2025-05-15,Lamiaceae (яснотковые),травы,7.0,25.0,55.00000000000001,3.2
2025-05-15,Onobrychis (эспарцет),травы,6.0,25.0,55.00000000000001,3.2
2025-05-15,Picea (ель),древесные,31.0,25.0,55.00000000000001,3.2
2025-05-15,Pinaceae (неопред.),древесные,45.0,25.0,55.00000000000001,3.2
2025-05-15,Poaceae (злаковые),травы,28.0,25.0,55.00000000000001,3.2
2025-05-15,Sedum (очиток),травы,3.0,25.0,55.00000000000001,3.2
2025-05-15,Taraxacum (одуванчик),травы,4.0,25.0,55.00000000000001,3.2
2025-05-16,Acacia (акация),древесные,4.0,25.0,56.99999999999999,4.0
2025-05-16,Brassica (рапс),травы,22.0,25.0,56.99999999999999,4.0
2025-05-16,Cyperaceae (осоковые),травы,21.0,25.0,56.99999999999999,4.0
2025-05-16,Lamiaceae (яснотковые),травы,7.0,25.0,56.99999999999999,4.0
2025-05-16,Onobrychis (эспарцет),травы,10.0,25.0,56.99999999999999,4.0
2025-05-16,Picea (ель),древесные,31.0,25.0,56.99999999999999,4.0
2025-05-16,Pinaceae (неопред.),древесные,50.0,25.0,56.99999999999999,4.0
2025-05-16,Poaceae (злаковые),травы,29.0,25.0,56.99999999999999,4.0
2025-05-16,Sedum (очиток),травы,4.0,25.0,56.99999999999999,4.0
2025-05-16,Taraxacum (одуванчик),травы,4.0,25.0,56.99999999999999,4.0
2025-05-17,Acacia (акация),древесные,0.0,24.0,57.99999999999999,3.5
2025-05-17,Brassica (рапс),травы,19.0,24.0,57.99999999999999,3.5
2025-05-17,Cyperaceae (осоковые),травы,19.0,24.0,57.99999999999999,3.5
2025-05-17,Lamiaceae (яснотковые),травы,7.0,24.0,57.99999999999999,3.5
2025-05-17,Onobrychis (эспарцет),травы,9.0,24.0,57.99999999999999,3.5
2025-05-17,Picea (ель),древесные,28.0,24.0,57.99999999999999,3.5
2025-05-17,Pinaceae (неопред.),древесные,43.0,24.0,57.99999999999999,3.5
2025-05-17,Poaceae (злаковые),травы,28.0,24.0,57.99999999999999,3.5
2025-05-17,Sedum (очиток),травы,0.0,24.0,57.99999999999999,3.5
2025-05-17,Taraxacum (одуванчик),травы,4.0,24.0,57.99999999999999,3.5
2025-05-18,Acacia (акация),древесные,0.0,24.0,57.99999999999999,4.0
2025-05-18,Brassica (рапс),травы,19.0,24.0,57.99999999999999,4.0
2025-05-18,Cyperaceae (осоковые),травы,20.0,24.0,57.99999999999999,4.0
2025-05-18,Lamiaceae (яснотковые),травы,6.0,24.0,57.99999999999999,4.0
2025-05-18,Onobrychis (эспарцет),травы,9.0,24.0,57.99999999999999,4.0
2025-05-18,Picea (ель),древесные,34.0,24.0,57.99999999999999,4.0
2025-05-18,Pinaceae (неопред.),древесные,47.0,24.0,57.99999999999999,4.0
2025-05-18,Poaceae (злаковые),травы,28.0,24.0,57.99999999999999,4.0
2025-05-18,Sedum (очиток),травы,0.0,24.0,57.99999999999999,4.0
2025-05-18,Taraxacum (одуванчик),травы,4.0,24.0,57.99999999999999,4.0
2025-05-19,Apiaceae (зонтичные),травы,30.0,23.0,57.99999999999999,3.7
2025-05-19,Cyperaceae (осоковые),травы,15.0,23.0,57.99999999999999,3.7
2025-05-19,Helianthus (подсолнечник),травы,6.0,23.0,57.99999999999999,3.7
2025-05-19,Lavatera (хатьма),травы,37.0,23.0,57.99999999999999,3.7
2025-05-19,Onobrychis (эспарцет),травы,9.0,23.0,57.99999999999999,3.7
2025-05-19,Papaveraceae (маковые),травы,16.0,23.0,57.99999999999999,3.7
2025-05-19,Pinaceae (неопред.),древесные,7.0,23.0,57.99999999999999,3.7
2025-05-19,Poaceae (злаковые),травы,12.0,23.0,57.99999999999999,3.7
2025-05-20,Apiaceae (зонтичные),травы,28.0,23.0,56.99999999999999,3.5
2025-05-20,Cyperaceae (осоковые),травы,15.0,23.0,56.99999999999999,3.5
2025-05-20,Helianthus (подсолнечник),травы,6.0,23.0,56.99999999999999,3.5
2025-05-20,Lavatera (хатьма),травы,37.0,23.0,56.99999999999999,3.5
2025-05-20,Onobrychis (эспарцет),травы,9.0,23.0,56.99999999999999,3.5
2025-05-20,Papaveraceae (маковые),травы,16.0,23.0,56.99999999999999,3.5
2025-05-20,Pinaceae (неопред.),древесные,6.0,23.0,56.99999999999999,3.5
2025-05-20,Poaceae (злаковые),травы,12.0,23.0,56.99999999999999,3.5
2025-05-21,Apiaceae (зонтичные),травы,30.0,24.0,57.99999999999999,4.4
2025-05-21,Cyperaceae (осоковые),травы,16.0,24.0,57.99999999999999,4.4
2025-05-21,Helianthus (подсолнечник),травы,5.0,24.0,57.99999999999999,4.4
2025-05-21,Lavatera (хатьма),травы,37.0,24.0,57.99999999999999,4.4
2025-05-21,Onobrychis (эспарцет),травы,9.0,24.0,57.99999999999999,4.4
2025-05-21,Papaveraceae (маковые),травы,16.0,24.0,57.99999999999999,4.4
2025-05-21,Pinaceae (неопред.),древесные,6.0,24.0,57.99999999999999,4.4
2025-05-21,Poaceae (злаковые),травы,12.0,24.0,57.99999999999999,4.4
2025-05-22,Apiaceae (зонтичные),травы,28.0,24.0,56.99999999999999,3.9
2025-05-22,Cyperaceae (осоковые),травы,13.0,24.0,56.99999999999999,3.9
2025-05-22,Helianthus (подсолнечник),травы,0.0,24.0,56.99999999999999,3.9
2025-05-22,Lavatera (хатьма),травы,37.0,24.0,56.99999999999999,3.9
2025-05-22,Onobrychis (эспарцет),травы,9.0,24.0,56.99999999999999,3.9
2025-05-22,Papaveraceae (маковые),травы,12.0,24.0,56.99999999999999,3.9
2025-05-22,Pinaceae (неопред.),древесные,7.0,24.0,56.99999999999999,3.9
2025-05-22,Poaceae (злаковые),травы,12.0,24.0,56.99999999999999,3.9
2025-05-23,Apiaceae (зонтичные),травы,29.0,24.0,57.99999999999999,3.7
2025-05-23,Cyperaceae (осоковые),травы,15.0,24.0,57.99999999999999,3.7
2025-05-23,Helianthus (подсолнечник),травы,8.0,24.0,57.99999999999999,3.7
2025-05-23,Lavatera (хатьма),травы,34.0,24.0,57.99999999999999,3.7
2025-05-23,Onobrychis (эспарцет),травы,9.0,24.0,57.99999999999999,3.7
2025-05-23,Papaveraceae (маковые),травы,16.0,24.0,57.99999999999999,3.7
2025-05-23,Pinaceae (неопред.),древесные,0.0,24.0,57.99999999999999,3.7
2025-05-23,Poaceae (злаковые),травы,12.0,24.0,57.99999999999999,3.7
2025-05-24,Apiaceae (зонтичные),травы,30.0,24.0,57.99999999999999,3.2
2025-05-24,Cyperaceae (осоковые),травы,15.0,24.0,57.99999999999999,3.2
2025-05-24,Helianthus (подсолнечник),травы,6.0,24.0,57.99999999999999,3.2
2025-05-24,Lavatera (хатьма),травы,37.0,24.0,57.99999999999999,3.2
2025-05-24,Onobrychis (эспарцет),травы,9.0,24.0,57.99999999999999,3.2
2025-05-24,Papaveraceae (маковые),травы,16.0,24.0,57.99999999999999,3.2
2025-05-24,Pinaceae (неопред.),древесные,7.0,24.0,57.99999999999999,3.2
2025-05-24,Poaceae (злаковые),травы,12.0,24.0,57.99999999999999,3.2
2025-05-25,Apiaceae (зонтичные),травы,31.0,25.0,55.00000000000001,3.5
2025-05-25,Cyperaceae (осоковые),травы,12.0,25.0,55.00000000000001,3.5
2025-05-25,Helianthus (подсолнечник),травы,6.0,25.0,55.00000000000001,3.5
2025-05-25,Lavatera (хатьма),травы,40.0,25.0,55.00000000000001,3.5
2025-05-25,Onobrychis (эспарцет),травы,6.0,25.0,55.00000000000001,3.5
2025-05-25,Papaveraceae (маковые),травы,16.0,25.0,55.00000000000001,3.5
2025-05-25,Pinaceae (неопред.),древесные,4.0,25.0,55.00000000000001,3.5
2025-05-25,Poaceae (злаковые),травы,12.0,25.0,55.00000000000001,3.5
2025-05-26,Apiaceae (зонтичные),травы,31.0,25.0,55.00000000000001,3.9
2025-05-26,Brassica (рапс),травы,16.0,25.0,55.00000000000001,3.9
2025-05-26,Cyperaceae (осоковые),травы,16.0,25.0,55.00000000000001,3.9
2025-05-26,Helianthus (подсолнечник),травы,0.0,25.0,55.00000000000001,3.9
2025-05-26,Lavatera (хатьма),травы,22.0,25.0,55.00000000000001,3.9
2025-05-26,Onobrychis (эспарцет),травы,19.0,25.0,55.00000000000001,3.9
2025-05-26,Papaveraceae (маковые),травы,12.0,25.0,55.00000000000001,3.9
2025-05-26,Pinaceae (неопред.),древесные,6.0,25.0,55.00000000000001,3.9
2025-05-26,Poaceae (злаковые),травы,6.0,25.0,55.00000000000001,3.9
2025-05-27,Apiaceae (зонтичные),травы,19.0,26.0,54.0,3.9
2025-05-27,Brassica (рапс),травы,14.0,26.0,54.0,3.9
2025-05-27,Cyperaceae (осоковые),травы,12.0,26.0,54.0,3.9
2025-05-27,Helianthus (подсолнечник),травы,0.0,26.0,54.0,3.9
2025-05-27,Lavatera (хатьма),травы,24.0,26.0,54.0,3.9
2025-05-27,Onobrychis (эспарцет),травы,19.0,26.0,54.0,3.9
2025-05-27,Papaveraceae (маковые),травы,12.0,26.0,54.0,3.9
2025-05-27,Pinaceae (неопред.),древесные,6.0,26.0,54.0,3.9
2025-05-27,Poaceae (злаковые),травы,4.0,26.0,54.0,3.9
2025-05-28,Apiaceae (зонтичные),травы,19.0,26.0,52.0,3.4
2025-05-28,Brassica (рапс),травы,16.0,26.0,52.0,3.4
2025-05-28,Cyperaceae (осоковые),травы,16.0,26.0,52.0,3.4
2025-05-28,Helianthus (подсолнечник),травы,0.0,26.0,52.0,3.4
2025-05-28,Lavatera (хатьма),травы,22.0,26.0,52.0,3.4
2025-05-28,Onobrychis (эспарцет),травы,9.0,26.0,52.0,3.4
2025-05-28,Papaveraceae (маковые),травы,12.0,26.0,52.0,3.4
2025-05-28,Pinaceae (неопред.),древесные,6.0,26.0,52.0,3.4
2025-05-28,Poaceae (злаковые),травы,6.0,26.0,52.0,3.4
2025-05-29,Apiaceae (зонтичные),травы,19.0,27.0,52.0,3.5
2025-05-29,Brassica (рапс),травы,16.0,27.0,52.0,3.5
2025-05-29,Cyperaceae (осоковые),травы,16.0,27.0,52.0,3.5
2025-05-29,Helianthus (подсолнечник),травы,0.0,27.0,52.0,3.5
2025-05-29,Lavatera (хатьма),травы,29.0,27.0,52.0,3.5
2025-05-29,Onobrychis (эспарцет),травы,7.0,27.0,52.0,3.5
2025-05-29,Papaveraceae (маковые),травы,12.0,27.0,52.0,3.5
2025-05-29,Pinaceae (неопред.),древесные,0.0,27.0,52.0,3.5
2025-05-29,Poaceae (злаковые),травы,5.0,27.0,52.0,3.5
2025-05-30,Apiaceae (зонтичные),травы,32.0,27.0,52.0,3.5
2025-05-30,Brassica (рапс),травы,0.0,27.0,52.0,3.5
2025-05-30,Cyperaceae (осоковые),травы,12.0,27.0,52.0,3.5
2025-05-30,Helianthus (подсолнечник),травы,4.0,27.0,52.0,3.5
2025-05-30,Lavatera (хатьма),травы,40.0,27.0,52.0,3.5
2025-05-30,Onobrychis (эспарцет),травы,6.0,27.0,52.0,3.5
2025-05-30,Papaveraceae (маковые),травы,16.0,27.0,52.0,3.5
2025-05-30,Pinaceae (неопред.),древесные,0.0,27.0,52.0,3.5
2025-05-30,Poaceae (злаковые),травы,12.0,27.0,52.0,3.5
2025-05-31,Apiaceae (зонтичные),травы,19.0,27.0,51.0,3.4
2025-05-31,Brassica (рапс),травы,16.0,27.0,51.0,3.4
2025-05-31,Cyperaceae (осоковые),травы,16.0,27.0,51.0,3.4
2025-05-31,Helianthus (подсолнечник),травы,0.0,27.0,51.0,3.4
2025-05-31,Lavatera (хатьма),травы,22.0,27.0,51.0,3.4
2025-05-31,Onobrychis (эспарцет),травы,19.0,27.0,51.0,3.4
2025-05-31,Papaveraceae (маковые),травы,12.0,27.0,51.0,3.4
2025-05-31,Pinaceae (неопред.),древесные,6.0,27.0,51.0,3.4
2025-05-31,Poaceae (злаковые),травы,6.0,27.0,51.0,3.4
2025-06-01,Apiaceae (зонтичные),травы,22.0,27.0,52.0,3.5
2025-06-01,Brassica (рапс),травы,16.0,27.0,52.0,3.5
2025-06-01,Cyperaceae (осоковые),травы,19.0,27.0,52.0,3.5
2025-06-01,Helianthus (подсолнечник),травы,0.0,27.0,52.0,3.5
2025-06-01,Lavatera (хатьма),травы,29.0,27.0,52.0,3.5
2025-06-01,Onobrychis (эспарцет),травы,13.0,27.0,52.0,3.5
2025-06-01,Papaveraceae (маковые),травы,16.0,27.0,52.0,3.5
2025-06-01,Pinaceae (неопред.),древесные,4.0,27.0,52.0,3.5
2025-06-01,Poaceae (злаковые),травы,6.0,27.0,52.0,3.5
2025-06-30,Alternaria alternata,плесень,0.0,32.0,44.0,3.4
2025-06-30,Artemisia (полынь),травы,9.0,32.0,44.0,3.4
2025-06-30,Cannabaceae (коноплёвые),травы,0.0,32.0,44.0,3.4
2025-06-30,Chenopodiaceae (маревые),травы,6.0,32.0,44.0,3.4
2025-06-30,Cupressaceae (кипарисовые),древесные,0.0,32.0,44.0,3.4
2025-06-30,Cyperaceae (осоковые),травы,6.0,32.0,44.0,3.4
2025-06-30,Fagus (бук),древесные,0.0,32.0,44.0,3.4
2025-06-30,Liliaceae (лилейные),травы,0.0,32.0,44.0,3.4
2025-06-30,Onobrychis (эспарцет),травы,6.0,32.0,44.0,3.4
2025-06-30,Plantago (подорожник),травы,0.0,32.0,44.0,3.4
2025-06-30,Poaceae (злаковые),травы,29.0,32.0,44.0,3.4
2025-06-30,Ranunculaceae (лютиковые),травы,11.0,32.0,44.0,3.4
2025-06-30,Rumex (щавель),травы,0.0,32.0,44.0,3.4
2025-07-01,Alternaria alternata,плесень,0.0,32.0,42.0,3.2
2025-07-01,Artemisia (полынь),травы,6.0,32.0,42.0,3.2
2025-07-01,Cannabaceae (коноплёвые),травы,4.0,32.0,42.0,3.2
2025-07-01,Chenopodiaceae (маревые),травы,6.0,32.0,42.0,3.2
2025-07-01,Cupressaceae (кипарисовые),древесные,0.0,32.0,42.0,3.2
2025-07-01,Cyperaceae (осоковые),травы,6.0,32.0,42.0,3.2
2025-07-01,Fagus (бук),древесные,0.0,32.0,42.0,3.2
2025-07-01,Liliaceae (лилейные),травы,0.0,32.0,42.0,3.2
2025-07-01,Onobrychis (эспарцет),травы,6.0,32.0,42.0,3.2
2025-07-01,Plantago (подорожник),травы,0.0,32.0,42.0,3.2
2025-07-01,Poaceae (злаковые),травы,25.0,32.0,42.0,3.2
2025-07-01,Ranunculaceae (лютиковые),травы,6.0,32.0,42.0,3.2
2025-07-01,Rumex (щавель),травы,0.0,32.0,42.0,3.2
2025-07-02,Alternaria alternata,плесень,7.0,32.0,43.0,4.0
2025-07-02,Artemisia (полынь),травы,24.0,32.0,43.0,4.0
2025-07-02,Cannabaceae (коноплёвые),травы,4.0,32.0,43.0,4.0
2025-07-02,Chenopodiaceae (маревые),травы,14.0,32.0,43.0,4.0
2025-07-02,Cupressaceae (кипарисовые),древесные,0.0,32.0,43.0,4.0
2025-07-02,Cyperaceae (осоковые),травы,0.0,32.0,43.0,4.0
2025-07-02,Fagus (бук),древесные,1.0,32.0,43.0,4.0
2025-07-02,Liliaceae (лилейные),травы,0.0,32.0,43.0,4.0
2025-07-02,Onobrychis (эспарцет),травы,0.0,32.0,43.0,4.0
2025-07-02,Plantago (подорожник),травы,7.0,32.0,43.0,4.0
2025-07-02,Poaceae (злаковые),травы,3.0,32.0,43.0,4.0
2025-07-02,Ranunculaceae (лютиковые),травы,0.0,32.0,43.0,4.0
2025-07-02,Rumex (щавель),травы,5.0,32.0,43.0,4.0
2025-07-03,Alternaria alternata,плесень,9.0,34.0,42.0,3.7
2025-07-03,Artemisia (полынь),травы,61.0,34.0,42.0,3.7
2025-07-03,Cannabaceae (коноплёвые),травы,0.0,34.0,42.0,3.7
2025-07-03,Chenopodiaceae (маревые),травы,45.0,34.0,42.0,3.7
2025-07-03,Cupressaceae (кипарисовые),древесные,7.0,34.0,42.0,3.7
2025-07-03,Cyperaceae (осоковые),травы,0.0,34.0,42.0,3.7
2025-07-03,Fagus (бук),древесные,0.0,34.0,42.0,3.7
2025-07-03,Liliaceae (лилейные),травы,0.0,34.0,42.0,3.7
2025-07-03,Onobrychis (эспарцет),травы,1.0,34.0,42.0,3.7
2025-07-03,Plantago (подорожник),травы,9.0,34.0,42.0,3.7
2025-07-03,Poaceae (злаковые),травы,7.0,34.0,42.0,3.7
2025-07-03,Ranunculaceae (лютиковые),травы,0.0,34.0,42.0,3.7
2025-07-03,Rumex (щавель),травы,2.0,34.0,42.0,3.7
2025-07-04,Alternaria alternata,плесень,11.0,35.0,44.0,3.5
2025-07-04,Artemisia (полынь),травы,8.0,35.0,44.0,3.5
2025-07-04,Cannabaceae (коноплёвые),травы,0.0,35.0,44.0,3.5
2025-07-04,Chenopodiaceae (маревые),травы,8.0,35.0,44.0,3.5
2025-07-04,Cupressaceae (кипарисовые),древесные,2.0,35.0,44.0,3.5
2025-07-04,Cyperaceae (осоковые),травы,0.0,35.0,44.0,3.5
2025-07-04,Fagus (бук),древесные,0.0,35.0,44.0,3.5
2025-07-04,Liliaceae (лилейные),травы,0.0,35.0,44.0,3.5
2025-07-04,Onobrychis (эспарцет),травы,0.0,35.0,44.0,3.5
2025-07-04,Plantago (подорожник),травы,1.0,35.0,44.0,3.5
2025-07-04,Poaceae (злаковые),травы,0.0,35.0,44.0,3.5
2025-07-04,Ranunculaceae (лютиковые),травы,0.0,35.0,44.0,3.5
2025-07-04,Rumex (щавель),травы,0.0,35.0,44.0,3.5
2025-07-05,Alternaria alternata,плесень,10.0,38.0,46.0,3.7
2025-07-05,Artemisia (полынь),травы,31.0,38.0,46.0,3.7
2025-07-05,Cannabaceae (коноплёвые),травы,9.0,38.0,46.0,3.7
2025-07-05,Chenopodiaceae (маревые),травы,37.0,38.0,46.0,3.7
2025-07-05,Cupressaceae (кипарисовые),древесные,6.0,38.0,46.0,3.7
2025-07-05,Cyperaceae (осоковые),травы,0.0,38.0,46.0,3.7
2025-07-05,Fagus (бук),древесные,0.0,38.0,46.0,3.7
2025-07-05,Liliaceae (лилейные),травы,0.0,38.0,46.0,3.7
2025-07-05,Onobrychis (эспарцет),травы,0.0,38.0,46.0,3.7
2025-07-05,Plantago (подорожник),травы,4.0,38.0,46.0,3.7
2025-07-05,Poaceae (злаковые),травы,5.0,38.0,46.0,3.7
2025-07-05,Ranunculaceae (лютиковые),травы,0.0,38.0,46.0,3.7
2025-07-05,Rumex (щавель),травы,0.0,38.0,46.0,3.7
2025-07-06,Alternaria alternata,плесень,11.0,33.0,45.0,3.2
2025-07-06,Artemisia (полынь),травы,15.0,33.0,45.0,3.2
2025-07-06,Cannabaceae (коноплёвые),травы,0.0,33.0,45.0,3.2
2025-07-06,Chenopodiaceae (маревые),травы,9.0,33.0,45.0,3.2
2025-07-06,Cupressaceae (кипарисовые),древесные,6.0,33.0,45.0,3.2
2025-07-06,Cyperaceae (осоковые),травы,0.0,33.0,45.0,3.2
2025-07-06,Fagus (бук),древесные,0.0,33.0,45.0,3.2
2025-07-06,Liliaceae (лилейные),травы,0.0,33.0,45.0,3.2
2025-07-06,Onobrychis (эспарцет),травы,0.0,33.0,45.0,3.2
2025-07-06,Plantago (подорожник),травы,6.0,33.0,45.0,3.2
2025-07-06,Poaceae (злаковые),травы,0.0,33.0,45.0,3.2
2025-07-06,Ranunculaceae (лютиковые),травы,0.0,33.0,45.0,3.2
2025-07-06,Rumex (щавель),травы,0.0,33.0,45.0,3.2
2025-07-07,Alternaria alternata,плесень,21.0,32.0,42.0,3.4
2025-07-07,Ambrosia (амброзия),травы,0.0,32.0,42.0,3.4
2025-07-07,Artemisia (полынь),травы,21.0,32.0,42.0,3.4
2025-07-07,Campanulaceae (колокольчиковые),травы,0.0,32.0,42.0,3.4
2025-07-07,Cannabaceae (коноплёвые),травы,0.0,32.0,42.0,3.4
2025-07-07,Chenopodiaceae (маревые),травы,24.0,32.0,42.0,3.4
2025-07-07,Cupressaceae (кипарисовые),древесные,0.0,32.0,42.0,3.4
2025-07-07,Fraxinus (ясень),древесные,0.0,32.0,42.0,3.4
2025-07-07,Hypericum (зверобой),травы,0.0,32.0,42.0,3.4
2025-07-07,Liliaceae (лилейные),травы,0.0,32.0,42.0,3.4
2025-07-07,Onobrychis (эспарцет),травы,0.0,32.0,42.0,3.4
2025-07-07,Plantago (подорожник),травы,4.0,32.0,42.0,3.4
2025-07-07,Platanus (платан),древесные,0.0,32.0,42.0,3.4
2025-07-07,Poaceae (злаковые),травы,0.0,32.0,42.0,3.4
2025-07-07,Rumex (щавель),травы,0.0,32.0,42.0,3.4
2025-07-07,Tilia (липа),древесные,0.0,32.0,42.0,3.4
2025-07-08,Alternaria alternata,плесень,0.0,33.0,40.0,3.5
2025-07-08,Ambrosia (амброзия),травы,0.0,33.0,40.0,3.5
2025-07-08,Artemisia (полынь),травы,0.0,33.0,40.0,3.5
2025-07-08,Campanulaceae (колокольчиковые),травы,0.0,33.0,40.0,3.5
2025-07-08,Cannabaceae (коноплёвые),травы,0.0,33.0,40.0,3.5
2025-07-08,Chenopodiaceae (маревые),травы,0.0,33.0,40.0,3.5
2025-07-08,Cupressaceae (кипарисовые),древесные,0.0,33.0,40.0,3.5
2025-07-08,Fraxinus (ясень),древесные,0.0,33.0,40.0,3.5
2025-07-08,Hypericum (зверобой),травы,0.0,33.0,40.0,3.5
2025-07-08,Liliaceae (лилейные),травы,0.0,33.0,40.0,3.5
2025-07-08,Onobrychis (эспарцет),травы,0.0,33.0,40.0,3.5
2025-07-08,Plantago (подорожник),травы,0.0,33.0,40.0,3.5
2025-07-08,Platanus (платан),древесные,0.0,33.0,40.0,3.5
2025-07-08,Poaceae (злаковые),травы,0.0,33.0,40.0,3.5
2025-07-08,Rumex (щавель),травы,0.0,33.0,40.0,3.5
2025-07-08,Tilia (липа),древесные,0.0,33.0,40.0,3.5
2025-07-09,Alternaria alternata,плесень,18.0,31.0,40.0,3.7
2025-07-09,Ambrosia (амброзия),травы,0.0,31.0,40.0,3.7
2025-07-09,Artemisia (полынь),травы,26.0,31.0,40.0,3.7
2025-07-09,Campanulaceae (колокольчиковые),травы,0.0,31.0,40.0,3.7
2025-07-09,Cannabaceae (коноплёвые),травы,0.0,31.0,40.0,3.7
2025-07-09,Chenopodiaceae (маревые),травы,24.0,31.0,40.0,3.7
2025-07-09,Cupressaceae (кипарисовые),древесные,4.0,31.0,40.0,3.7
2025-07-09,Fraxinus (ясень),древесные,0.0,31.0,40.0,3.7
2025-07-09,Hypericum (зверобой),травы,0.0,31.0,40.0,3.7
2025-07-09,Liliaceae (лилейные),травы,0.0,31.0,40.0,3.7
2025-07-09,Onobrychis (эспарцет),травы,0.0,31.0,40.0,3.7
2025-07-09,Plantago (подорожник),травы,6.0,31.0,40.0,3.7
2025-07-09,Platanus (платан),древесные,0.0,31.0,40.0,3.7
2025-07-09,Poaceae (злаковые),травы,2.0,31.0,40.0,3.7
2025-07-09,Rumex (щавель),травы,0.0,31.0,40.0,3.7
2025-07-09,Tilia (липа),древесные,0.0,31.0,40.0,3.7
2025-07-10,Alternaria alternata,плесень,16.0,26.0,40.0,3.7
2025-07-10,Ambrosia (амброзия),травы,0.0,26.0,40.0,3.7
2025-07-10,Artemisia (полынь),травы,28.0,26.0,40.0,3.7
2025-07-10,Campanulaceae (колокольчиковые),травы,1.0,26.0,40.0,3.7
2025-07-10,Cannabaceae (коноплёвые),травы,6.0,26.0,40.0,3.7
2025-07-10,Chenopodiaceae (маревые),травы,26.0,26.0,40.0,3.7
2025-07-10,Cupressaceae (кипарисовые),древесные,5.0,26.0,40.0,3.7
2025-07-10,Fraxinus (ясень),древесные,1.0,26.0,40.0,3.7
2025-07-10,Hypericum (зверобой),травы,0.0,26.0,40.0,3.7
2025-07-10,Liliaceae (лилейные),травы,0.0,26.0,40.0,3.7
2025-07-10,Onobrychis (эспарцет),травы,1.0,26.0,40.0,3.7
2025-07-10,Plantago (подорожник),травы,6.0,26.0,40.0,3.7
2025-07-10,Platanus (платан),древесные,1.0,26.0,40.0,3.7
2025-07-10,Poaceae (злаковые),травы,0.0,26.0,40.0,3.7
2025-07-10,Rumex (щавель),травы,0.0,26.0,40.0,3.7
2025-07-10,Tilia (липа),древесные,1.0,26.0,40.0,3.7
2025-07-11,Alternaria alternata,плесень,13.0,27.0,42.0,3.7
2025-07-11,Ambrosia (амброзия),травы,0.0,27.0,42.0,3.7
2025-07-11,Artemisia (полынь),травы,42.0,27.0,42.0,3.7
2025-07-11,Campanulaceae (колокольчиковые),травы,6.0,27.0,42.0,3.7
2025-07-11,Cannabaceae (коноплёвые),травы,13.0,27.0,42.0,3.7
2025-07-11,Chenopodiaceae (маревые),травы,45.0,27.0,42.0,3.7
2025-07-11,Cupressaceae (кипарисовые),древесные,8.0,27.0,42.0,3.7
2025-07-11,Fraxinus (ясень),древесные,0.0,27.0,42.0,3.7
2025-07-11,Hypericum (зверобой),травы,5.0,27.0,42.0,3.7
2025-07-11,Liliaceae (лилейные),травы,3.0,27.0,42.0,3.7
2025-07-11,Onobrychis (эспарцет),травы,1.0,27.0,42.0,3.7
2025-07-11,Plantago (подорожник),травы,3.0,27.0,42.0,3.7
2025-07-11,Platanus (платан),древесные,0.0,27.0,42.0,3.7
2025-07-11,Poaceae (злаковые),травы,6.0,27.0,42.0,3.7
2025-07-11,Rumex (щавель),травы,10.0,27.0,42.0,3.7
2025-07-11,Tilia (липа),древесные,1.0,27.0,42.0,3.7
2025-07-12,Alternaria alternata,плесень,14.0,28.0,42.0,3.7
2025-07-12,Ambrosia (амброзия),травы,0.0,28.0,42.0,3.7
2025-07-12,Artemisia (полынь),травы,47.0,28.0,42.0,3.7
2025-07-12,Campanulaceae (колокольчиковые),травы,0.0,28.0,42.0,3.7
2025-07-12,Cannabaceae (коноплёвые),травы,7.0,28.0,42.0,3.7
2025-07-12,Chenopodiaceae (маревые),травы,41.0,28.0,42.0,3.7
2025-07-12,Cupressaceae (кипарисовые),древесные,6.0,28.0,42.0,3.7
2025-07-12,Fraxinus (ясень),древесные,0.0,28.0,42.0,3.7
2025-07-12,Hypericum (зверобой),травы,2.0,28.0,42.0,3.7
2025-07-12,Liliaceae (лилейные),травы,0.0,28.0,42.0,3.7
2025-07-12,Onobrychis (эспарцет),травы,0.0,28.0,42.0,3.7
2025-07-12,Plantago (подорожник),травы,6.0,28.0,42.0,3.7
2025-07-12,Platanus (платан),древесные,0.0,28.0,42.0,3.7
2025-07-12,Poaceae (злаковые),травы,1.0,28.0,42.0,3.7
2025-07-12,Rumex (щавель),травы,8.0,28.0,42.0,3.7
2025-07-12,Tilia (липа),древесные,0.0,28.0,42.0,3.7
2025-07-13,Alternaria alternata,плесень,18.0,21.0,43.0,3.7
2025-07-13,Ambrosia (амброзия),травы,1.0,21.0,43.0,3.7
2025-07-13,Artemisia (полынь),травы,32.0,21.0,43.0,3.7
2025-07-13,Campanulaceae (колокольчиковые),травы,0.0,21.0,43.0,3.7
2025-07-13,Cannabaceae (коноплёвые),травы,8.0,21.0,43.0,3.7
2025-07-13,Chenopodiaceae (маревые),травы,27.0,21.0,43.0,3.7
2025-07-13,Cupressaceae (кипарисовые),древесные,8.0,21.0,43.0,3.7
2025-07-13,Fraxinus (ясень),древесные,0.0,21.0,43.0,3.7
2025-07-13,Hypericum (зверобой),травы,0.0,21.0,43.0,3.7
2025-07-13,Liliaceae (лилейные),травы,0.0,21.0,43.0,3.7
2025-07-13,Onobrychis (эспарцет),травы,0.0,21.0,43.0,3.7
2025-07-13,Plantago (подорожник),травы,3.0,21.0,43.0,3.7
2025-07-13,Platanus (платан),древесные,0.0,21.0,43.0,3.7
2025-07-13,Poaceae (злаковые),травы,5.0,21.0,43.0,3.7
2025-07-13,Rumex (щавель),травы,5.0,21.0,43.0,3.7
2025-07-13,Tilia (липа),древесные,0.0,21.0,43.0,3.7
2025-07-14,Alternaria alternata,плесень,29.0,31.0,46.0,3.7
2025-07-14,Ambrosia (амброзия),травы,0.0,31.0,46.0,3.7
2025-07-14,Artemisia (полынь),травы,33.0,31.0,46.0,3.7
2025-07-14,Cannabaceae (коноплёвые),травы,6.0,31.0,46.0,3.7
2025-07-14,Chenopodiaceae (маревые),травы,37.0,31.0,46.0,3.7
2025-07-14,Cupressaceae (кипарисовые),древесные,6.0,31.0,46.0,3.7
2025-07-14,Liliaceae (лилейные),травы,1.0,31.0,46.0,3.7
2025-07-14,Onobrychis (эспарцет),травы,0.0,31.0,46.0,3.7
2025-07-14,Plantago (подорожник),травы,1.0,31.0,46.0,3.7
2025-07-14,Poaceae (злаковые),травы,1.0,31.0,46.0,3.7
2025-07-14,Rumex (щавель),травы,3.0,31.0,46.0,3.7
2025-07-15,Alternaria alternata,плесень,19.0,33.0,45.0,3.7
2025-07-15,Ambrosia (амброзия),травы,0.0,33.0,45.0,3.7
2025-07-15,Artemisia (полынь),травы,6.0,33.0,45.0,3.7
2025-07-15,Cannabaceae (коноплёвые),травы,5.0,33.0,45.0,3.7
2025-07-15,Chenopodiaceae (маревые),травы,24.0,33.0,45.0,3.7
2025-07-15,Cupressaceae (кипарисовые),древесные,5.0,33.0,45.0,3.7
2025-07-15,Liliaceae (лилейные),травы,0.0,33.0,45.0,3.7
2025-07-15,Onobrychis (эспарцет),травы,0.0,33.0,45.0,3.7
2025-07-15,Plantago (подорожник),травы,3.0,33.0,45.0,3.7
2025-07-15,Poaceae (злаковые),травы,2.0,33.0,45.0,3.7
2025-07-15,Rumex (щавель),травы,5.0,33.0,45.0,3.7
2025-07-16,Alternaria alternata,плесень,13.0,32.0,45.0,3.5
2025-07-16,Ambrosia (амброзия),травы,1.0,32.0,45.0,3.5
2025-07-16,Artemisia (полынь),травы,22.0,32.0,45.0,3.5
2025-07-16,Cannabaceae (коноплёвые),травы,6.0,32.0,45.0,3.5
2025-07-16,Chenopodiaceae (маревые),травы,16.0,32.0,45.0,3.5
2025-07-16,Cupressaceae (кипарисовые),древесные,5.0,32.0,45.0,3.5
2025-07-16,Liliaceae (лилейные),травы,0.0,32.0,45.0,3.5
2025-07-16,Onobrychis (эспарцет),травы,0.0,32.0,45.0,3.5
2025-07-16,Plantago (подорожник),травы,1.0,32.0,45.0,3.5
2025-07-16,Poaceae (злаковые),травы,0.0,32.0,45.0,3.5
2025-07-16,Rumex (щавель),травы,4.0,32.0,45.0,3.5
2025-07-17,Alternaria alternata,плесень,15.0,34.0,44.0,3.2
2025-07-17,Ambrosia (амброзия),травы,0.0,34.0,44.0,3.2
2025-07-17,Artemisia (полынь),травы,19.0,34.0,44.0,3.2
2025-07-17,Cannabaceae (коноплёвые),травы,6.0,34.0,44.0,3.2
2025-07-17,Chenopodiaceae (маревые),травы,24.0,34.0,44.0,3.2
2025-07-17,Cupressaceae (кипарисовые),древесные,6.0,34.0,44.0,3.2
2025-07-17,Liliaceae (лилейные),травы,1.0,34.0,44.0,3.2
2025-07-17,Onobrychis (эспарцет),травы,1.0,34.0,44.0,3.2
2025-07-17,Plantago (подорожник),травы,3.0,34.0,44.0,3.2
2025-07-17,Poaceae (злаковые),травы,1.0,34.0,44.0,3.2
2025-07-17,Rumex (щавель),травы,3.0,34.0,44.0,3.2
2025-07-18,Alternaria alternata,плесень,17.0,37.0,43.0,3.2
2025-07-18,Ambrosia (амброзия),травы,1.0,37.0,43.0,3.2
2025-07-18,Artemisia (полынь),травы,44.0,37.0,43.0,3.2
2025-07-18,Cannabaceae (коноплёвые),травы,3.0,37.0,43.0,3.2
2025-07-18,Chenopodiaceae (маревые),травы,36.0,37.0,43.0,3.2
2025-07-18,Cupressaceae (кипарисовые),древесные,5.0,37.0,43.0,3.2
2025-07-18,Liliaceae (лилейные),травы,2.0,37.0,43.0,3.2
2025-07-18,Onobrychis (эспарцет),травы,1.0,37.0,43.0,3.2
2025-07-18,Plantago (подорожник),травы,2.0,37.0,43.0,3.2
2025-07-18,Poaceae (злаковые),травы,0.0,37.0,43.0,3.2
2025-07-18,Rumex (щавель),травы,1.0,37.0,43.0,3.2
2025-07-19,Alternaria alternata,плесень,19.0,38.0,42.0,3.5
2025-07-19,Ambrosia (амброзия),травы,0.0,38.0,42.0,3.5
2025-07-19,Artemisia (полынь),травы,22.0,38.0,42.0,3.5
2025-07-19,Cannabaceae (коноплёвые),травы,5.0,38.0,42.0,3.5
2025-07-19,Chenopodiaceae (маревые),травы,24.0,38.0,42.0,3.5
2025-07-19,Cupressaceae (кипарисовые),древесные,4.0,38.0,42.0,3.5
2025-07-19,Liliaceae (лилейные),травы,1.0,38.0,42.0,3.5
2025-07-19,Onobrychis (эспарцет),травы,1.0,38.0,42.0,3.5
2025-07-19,Plantago (подорожник),травы,2.0,38.0,42.0,3.5
2025-07-19,Poaceae (злаковые),травы,0.0,38.0,42.0,3.5
2025-07-19,Rumex (щавель),травы,1.0,38.0,42.0,3.5
2025-07-20,Alternaria alternata,плесень,18.0,35.0,40.0,3.5
2025-07-20,Ambrosia (амброзия),травы,0.0,35.0,40.0,3.5
2025-07-20,Artemisia (полынь),травы,17.0,35.0,40.0,3.5
2025-07-20,Cannabaceae (коноплёвые),травы,4.0,35.0,40.0,3.5
2025-07-20,Chenopodiaceae (маревые),травы,29.0,35.0,40.0,3.5
2025-07-20,Cupressaceae (кипарисовые),древесные,3.0,35.0,40.0,3.5
2025-07-20,Liliaceae (лилейные),травы,1.0,35.0,40.0,3.5
2025-07-20,Onobrychis (эспарцет),травы,0.0,35.0,40.0,3.5
2025-07-20,Plantago (подорожник),травы,3.0,35.0,40.0,3.5
2025-07-20,Poaceae (злаковые),травы,0.0,35.0,40.0,3.5
2025-07-20,Rumex (щавель),травы,1.0,35.0,40.0,3.5
2025-07-21,Alternaria alternata,плесень,13.0,34.0,43.0,
2025-07-21,Ambrosia (амброзия),травы,0.0,34.0,43.0,
2025-07-21,Artemisia (полынь),травы,25.0,34.0,43.0,
2025-07-21,Cannabaceae (коноплёвые),травы,1.0,34.0,43.0,
2025-07-21,Chenopodiaceae (маревые),травы,19.0,34.0,43.0,
2025-07-21,Cupressaceae (кипарисовые),древесные,6.0,34.0,43.0,
2025-07-21,Liliaceae (лилейные),травы,0.0,34.0,43.0,
2025-07-21,Onobrychis (эспарцет),травы,0.0,34.0,43.0,
2025-07-21,Plantago (подорожник),травы,2.0,34.0,43.0,
2025-07-21,Rumex (щавель),травы,1.0,34.0,43.0,
2025-07-22,Alternaria alternata,плесень,0.0,34.0,43.0,3.4
2025-07-22,Ambrosia (амброзия),травы,0.0,34.0,43.0,3.4
2025-07-22,Artemisia (полынь),травы,0.0,34.0,43.0,3.4
2025-07-22,Cannabaceae (коноплёвые),травы,0.0,34.0,43.0,3.4
2025-07-22,Chenopodiaceae (маревые),травы,0.0,34.0,43.0,3.4
2025-07-22,Cupressaceae (кипарисовые),древесные,0.0,34.0,43.0,3.4
2025-07-22,Liliaceae (лилейные),травы,0.0,34.0,43.0,3.4
2025-07-22,Onobrychis (эспарцет),травы,0.0,34.0,43.0,3.4
2025-07-22,Plantago (подорожник),травы,0.0,34.0,43.0,3.4
2025-07-22,Rumex (щавель),травы,0.0,34.0,43.0,3.4
2025-07-23,Alternaria alternata,плесень,12.0,35.0,41.0,3.4
2025-07-23,Ambrosia (амброзия),травы,0.0,35.0,41.0,3.4
2025-07-23,Artemisia (полынь),травы,28.0,35.0,41.0,3.4
2025-07-23,Cannabaceae (коноплёвые),травы,1.0,35.0,41.0,3.4
2025-07-23,Chenopodiaceae (маревые),травы,18.0,35.0,41.0,3.4
2025-07-23,Cupressaceae (кипарисовые),древесные,5.0,35.0,41.0,3.4
2025-07-23,Liliaceae (лилейные),травы,0.0,35.0,41.0,3.4
2025-07-23,Onobrychis (эспарцет),травы,0.0,35.0,41.0,3.4
2025-07-23,Plantago (подорожник),травы,3.0,35.0,41.0,3.4
2025-07-23,Rumex (щавель),травы,0.0,35.0,41.0,3.4
2025-07-24,Alternaria alternata,плесень,9.0,36.0,43.0,3.5
2025-07-24,Ambrosia (амброзия),травы,0.0,36.0,43.0,3.5
2025-07-24,Artemisia (полынь),травы,31.0,36.0,43.0,3.5
2025-07-24,Cannabaceae (коноплёвые),травы,2.0,36.0,43.0,3.5
2025-07-24,Chenopodiaceae (маревые),травы,16.0,36.0,43.0,3.5
2025-07-24,Cupressaceae (кипарисовые),древесные,5.0,36.0,43.0,3.5
2025-07-24,Liliaceae (лилейные),травы,2.0,36.0,43.0,3.5
2025-07-24,Onobrychis (эспарцет),травы,1.0,36.0,43.0,3.5
2025-07-24,Plantago (подорожник),травы,5.0,36.0,43.0,3.5
2025-07-24,Rumex (щавель),травы,1.0,36.0,43.0,3.5
2025-07-25,Alternaria alternata,плесень,11.0,38.0,43.0,2.9
2025-07-25,Ambrosia (амброзия),травы,1.0,38.0,43.0,2.9
2025-07-25,Artemisia (полынь),травы,14.0,38.0,43.0,2.9
2025-07-25,Cannabaceae (коноплёвые),травы,6.0,38.0,43.0,2.9
2025-07-25,Chenopodiaceae (маревые),травы,21.0,38.0,43.0,2.9
2025-07-25,Cupressaceae (кипарисовые),древесные,5.0,38.0,43.0,2.9
2025-07-25,Liliaceae (лилейные),травы,0.0,38.0,43.0,2.9
2025-07-25,Onobrychis (эспарцет),травы,0.0,38.0,43.0,2.9
2025-07-25,Plantago (подорожник),травы,6.0,38.0,43.0,2.9
2025-07-25,Rumex (щавель),травы,0.0,38.0,43.0,2.9
2025-07-26,Alternaria alternata,плесень,18.0,39.0,42.0,3.2
2025-07-26,Ambrosia (амброзия),травы,0.0,39.0,42.0,3.2
2025-07-26,Artemisia (полынь),травы,12.0,39.0,42.0,3.2
2025-07-26,Cannabaceae (коноплёвые),травы,4.0,39.0,42.0,3.2
2025-07-26,Chenopodiaceae (маревые),травы,18.0,39.0,42.0,3.2
2025-07-26,Cupressaceae (кипарисовые),древесные,6.0,39.0,42.0,3.2
2025-07-26,Liliaceae (лилейные),травы,0.0,39.0,42.0,3.2
2025-07-26,Onobrychis (эспарцет),травы,0.0,39.0,42.0,3.2
2025-07-26,Plantago (подорожник),травы,7.0,39.0,42.0,3.2
2025-07-26,Rumex (щавель),травы,0.0,39.0,42.0,3.2
2025-07-27,Alternaria alternata,плесень,13.0,37.0,41.0,3.4
2025-07-27,Ambrosia (амброзия),травы,1.0,37.0,41.0,3.4
2025-07-27,Artemisia (полынь),травы,16.0,37.0,41.0,3.4
2025-07-27,Cannabaceae (коноплёвые),травы,6.0,37.0,41.0,3.4
2025-07-27,Chenopodiaceae (маревые),травы,22.0,37.0,41.0,3.4
2025-07-27,Cupressaceae (кипарисовые),древесные,4.0,37.0,41.0,3.4
2025-07-27,Liliaceae (лилейные),травы,3.0,37.0,41.0,3.4
2025-07-27,Onobrychis (эспарцет),травы,1.0,37.0,41.0,3.4
2025-07-27,Plantago (подорожник),травы,5.0,37.0,41.0,3.4
2025-07-27,Rumex (щавель),травы,0.0,37.0,41.0,3.4
2025-07-28,Alternaria alternata,плесень,12.0,31.0,46.0,3.7
2025-07-28,Ambrosia (амброзия),травы,1.0,31.0,46.0,3.7
2025-07-28,Artemisia (полынь),травы,17.0,31.0,46.0,3.7
2025-07-28,Cannabaceae (коноплёвые),травы,5.0,31.0,46.0,3.7
2025-07-28,Chenopodiaceae (маревые),травы,19.0,31.0,46.0,3.7
2025-07-28,Cupressaceae (кипарисовые),древесные,6.0,31.0,46.0,3.7
2025-07-28,Liliaceae (лилейные),травы,1.0,31.0,46.0,3.7
2025-07-28,Onobrychis (эспарцет),травы,0.0,31.0,46.0,3.7
2025-07-28,Plantago (подорожник),травы,8.0,31.0,46.0,3.7
2025-07-28,Poaceae (злаковые),травы,0.0,31.0,46.0,3.7
2025-07-28,Rumex (щавель),травы,0.0,31.0,46.0,3.7
2025-07-29,Alternaria alternata,плесень,12.0,33.0,45.0,3.7
2025-07-29,Ambrosia (амброзия),травы,1.0,33.0,45.0,3.7
2025-07-29,Artemisia (полынь),травы,15.0,33.0,45.0,3.7
2025-07-29,Cannabaceae (коноплёвые),травы,5.0,33.0,45.0,3.7
2025-07-29,Chenopodiaceae (маревые),травы,18.0,33.0,45.0,3.7
2025-07-29,Cupressaceae (кипарисовые),древесные,6.0,33.0,45.0,3.7
2025-07-29,Liliaceae (лилейные),травы,1.0,33.0,45.0,3.7
2025-07-29,Onobrychis (эспарцет),травы,0.0,33.0,45.0,3.7
2025-07-29,Plantago (подорожник),травы,8.0,33.0,45.0,3.7
2025-07-29,Poaceae (злаковые),травы,1.0,33.0,45.0,3.7
2025-07-29,Rumex (щавель),травы,1.0,33.0,45.0,3.7
2025-07-30,Alternaria alternata,плесень,10.0,32.0,45.0,3.5
2025-07-30,Ambrosia (амброзия),травы,1.0,32.0,45.0,3.5
2025-07-30,Artemisia (полынь),травы,16.0,32.0,45.0,3.5
2025-07-30,Cannabaceae (коноплёвые),травы,6.0,32.0,45.0,3.5
2025-07-30,Chenopodiaceae (маревые),травы,34.0,32.0,45.0,3.5
2025-07-30,Cupressaceae (кипарисовые),древесные,5.0,32.0,45.0,3.5
2025-07-30,Liliaceae (лилейные),травы,2.0,32.0,45.0,3.5
2025-07-30,Onobrychis (эспарцет),травы,2.0,32.0,45.0,3.5
2025-07-30,Plantago (подорожник),травы,7.0,32.0,45.0,3.5
2025-07-30,Poaceae (злаковые),травы,0.0,32.0,45.0,3.5
2025-07-30,Rumex (щавель),травы,1.0,32.0,45.0,3.5
2025-07-31,Alternaria alternata,плесень,9.0,34.0,44.0,3.2
2025-07-31,Ambrosia (амброзия),травы,0.0,34.0,44.0,3.2
2025-07-31,Artemisia (полынь),травы,14.0,34.0,44.0,3.2
2025-07-31,Cannabaceae (коноплёвые),травы,6.0,34.0,44.0,3.2
2025-07-31,Chenopodiaceae (маревые),травы,24.0,34.0,44.0,3.2
2025-07-31,Cupressaceae (кипарисовые),древесные,6.0,34.0,44.0,3.2
2025-07-31,Liliaceae (лилейные),травы,1.0,34.0,44.0,3.2
2025-07-31,Onobrychis (эспарцет),травы,1.0,34.0,44.0,3.2
2025-07-31,Plantago (подорожник),травы,8.0,34.0,44.0,3.2
2025-07-31,Poaceae (злаковые),травы,0.0,34.0,44.0,3.2
2025-07-31,Rumex (щавель),травы,0.0,34.0,44.0,3.2
2025-08-01,Alternaria alternata,плесень,12.0,37.0,43.0,3.2
2025-08-01,Ambrosia (амброзия),травы,0.0,37.0,43.0,3.2
2025-08-01,Artemisia (полынь),травы,43.0,37.0,43.0,3.2
2025-08-01,Cannabaceae (коноплёвые),травы,12.0,37.0,43.0,3.2
2025-08-01,Chenopodiaceae (маревые),травы,21.0,37.0,43.0,3.2
2025-08-01,Cupressaceae (кипарисовые),древесные,8.0,37.0,43.0,3.2
2025-08-01,Liliaceae (лилейные),травы,6.0,37.0,43.0,3.2
2025-08-01,Onobrychis (эспарцет),травы,0.0,37.0,43.0,3.2
2025-08-01,Plantago (подорожник),травы,9.0,37.0,43.0,3.2
2025-08-01,Poaceae (злаковые),травы,0.0,37.0,43.0,3.2
2025-08-01,Rumex (щавель),травы,1.0,37.0,43.0,3.2
2025-08-02,Alternaria alternata,плесень,14.0,38.0,42.0,3.5
2025-08-02,Ambrosia (амброзия),травы,1.0,38.0,42.0,3.5
2025-08-02,Artemisia (полынь),травы,51.0,38.0,42.0,3.5
2025-08-02,Cannabaceae (коноплёвые),травы,5.0,38.0,42.0,3.5
2025-08-02,Chenopodiaceae (маревые),травы,28.0,38.0,42.0,3.5
2025-08-02,Cupressaceae (кипарисовые),древесные,5.0,38.0,42.0,3.5
2025-08-02,Liliaceae (лилейные),травы,2.0,38.0,42.0,3.5
2025-08-02,Onobrychis (эспарцет),травы,0.0,38.0,42.0,3.5
2025-08-02,Plantago (подорожник),травы,8.0,38.0,42.0,3.5
2025-08-02,Poaceae (злаковые),травы,0.0,38.0,42.0,3.5
2025-08-02,Rumex (щавель),травы,1.0,38.0,42.0,3.5
2025-08-03,Alternaria alternata,плесень,12.0,35.0,40.0,3.5
2025-08-03,Ambrosia (амброзия),травы,0.0,35.0,40.0,3.5
2025-08-03,Artemisia (полынь),травы,14.0,35.0,40.0,3.5
2025-08-03,Cannabaceae (коноплёвые),травы,6.0,35.0,40.0,3.5
2025-08-03,Chenopodiaceae (маревые),травы,24.0,35.0,40.0,3.5
2025-08-03,Cupressaceae (кипарисовые),древесные,6.0,35.0,40.0,3.5
2025-08-03,Liliaceae (лилейные),травы,3.0,35.0,40.0,3.5
2025-08-03,Onobrychis (эспарцет),травы,0.0,35.0,40.0,3.5
2025-08-03,Plantago (подорожник),травы,6.0,35.0,40.0,3.5
2025-08-03,Poaceae (злаковые),травы,0.0,35.0,40.0,3.5
2025-08-03,Rumex (щавель),травы,0.0,35.0,40.0,3.5
2025-08-04,Alternaria alternata,плесень,24.0,32.0,43.0,3.0
2025-08-04,Ambrosia (амброзия),травы,0.0,32.0,43.0,3.0
2025-08-04,Artemisia (полынь),травы,24.0,32.0,43.0,3.0
2025-08-04,Betulaceae (неопред.),древесные,0.0,32.0,43.0,3.0
2025-08-04,Cannabaceae (коноплёвые),травы,6.0,32.0,43.0,3.0
2025-08-04,Chenopodiaceae (маревые),травы,29.0,32.0,43.0,3.0
2025-08-04,Cupressaceae (кипарисовые),древесные,8.0,32.0,43.0,3.0
2025-08-04,Liliaceae (лилейные),травы,1.0,32.0,43.0,3.0
2025-08-04,Pinaceae (неопред.),древесные,0.0,32.0,43.0,3.0
2025-08-04,Plantago (подорожник),травы,7.0,32.0,43.0,3.0
2025-08-04,Poaceae (злаковые),травы,0.0,32.0,43.0,3.0
2025-08-04,Rumex (щавель),травы,0.0,32.0,43.0,3.0
2025-08-05,Alternaria alternata,плесень,24.0,33.0,40.0,3.5
2025-08-05,Ambrosia (амброзия),травы,0.0,33.0,40.0,3.5
2025-08-05,Artemisia (полынь),травы,47.0,33.0,40.0,3.5
2025-08-05,Betulaceae (неопред.),древесные,0.0,33.0,40.0,3.5
2025-08-05,Cannabaceae (коноплёвые),травы,6.0,33.0,40.0,3.5
2025-08-05,Chenopodiaceae (маревые),травы,34.0,33.0,40.0,3.5
2025-08-05,Cupressaceae (кипарисовые),древесные,7.0,33.0,40.0,3.5
2025-08-05,Liliaceae (лилейные),травы,3.0,33.0,40.0,3.5
2025-08-05,Pinaceae (неопред.),древесные,0.0,33.0,40.0,3.5
2025-08-05,Plantago (подорожник),травы,8.0,33.0,40.0,3.5
2025-08-05,Poaceae (злаковые),травы,0.0,33.0,40.0,3.5
2025-08-05,Rumex (щавель),травы,0.0,33.0,40.0,3.5
2025-08-06,Alternaria alternata,плесень,26.0,34.0,39.0,3.0
2025-08-06,Ambrosia (амброзия),травы,0.0,34.0,39.0,3.0
2025-08-06,Artemisia (полынь),травы,49.0,34.0,39.0,3.0
2025-08-06,Betulaceae (неопред.),древесные,0.0,34.0,39.0,3.0
2025-08-06,Cannabaceae (коноплёвые),травы,6.0,34.0,39.0,3.0
2025-08-06,Chenopodiaceae (маревые),травы,67.0,34.0,39.0,3.0
2025-08-06,Cupressaceae (кипарисовые),древесные,9.0,34.0,39.0,3.0
2025-08-06,Liliaceae (лилейные),травы,6.0,34.0,39.0,3.0
2025-08-06,Pinaceae (неопред.),древесные,0.0,34.0,39.0,3.0
2025-08-06,Plantago (подорожник),травы,12.0,34.0,39.0,3.0
2025-08-06,Poaceae (злаковые),травы,0.0,34.0,39.0,3.0
2025-08-06,Rumex (щавель),травы,1.0,34.0,39.0,3.0
2025-08-07,Alternaria alternata,плесень,20.0,33.0,40.0,3.2
2025-08-07,Ambrosia (амброзия),травы,1.0,33.0,40.0,3.2
2025-08-07,Artemisia (полынь),травы,52.0,33.0,40.0,3.2
2025-08-07,Betulaceae (неопред.),древесные,0.0,33.0,40.0,3.2
2025-08-07,Cannabaceae (коноплёвые),травы,5.0,33.0,40.0,3.2
2025-08-07,Chenopodiaceae (маревые),травы,62.0,33.0,40.0,3.2
2025-08-07,Cupressaceae (кипарисовые),древесные,5.0,33.0,40.0,3.2
2025-08-07,Liliaceae (лилейные),травы,3.0,33.0,40.0,3.2
2025-08-07,Pinaceae (неопред.),древесные,0.0,33.0,40.0,3.2
2025-08-07,Plantago (подорожник),травы,7.0,33.0,40.0,3.2
2025-08-07,Poaceae (злаковые),травы,0.0,33.0,40.0,3.2
2025-08-07,Rumex (щавель),травы,2.0,33.0,40.0,3.2
2025-08-08,Alternaria alternata,плесень,21.0,33.0,39.0,3.0
2025-08-08,Ambrosia (амброзия),травы,0.0,33.0,39.0,3.0
2025-08-08,Artemisia (полынь),травы,16.0,33.0,39.0,3.0
2025-08-08,Betulaceae (неопред.),древесные,1.0,33.0,39.0,3.0
2025-08-08,Cannabaceae (коноплёвые),травы,3.0,33.0,39.0,3.0
2025-08-08,Chenopodiaceae (маревые),травы,29.0,33.0,39.0,3.0
2025-08-08,Cupressaceae (кипарисовые),древесные,4.0,33.0,39.0,3.0
2025-08-08,Liliaceae (лилейные),травы,1.0,33.0,39.0,3.0
2025-08-08,Pinaceae (неопред.),древесные,1.0,33.0,39.0,3.0
2025-08-08,Plantago (подорожник),травы,4.0,33.0,39.0,3.0
2025-08-08,Poaceae (злаковые),травы,1.0,33.0,39.0,3.0
2025-08-08,Rumex (щавель),травы,2.0,33.0,39.0,3.0
2025-08-09,Alternaria alternata,плесень,21.0,33.0,38.0,3.5
2025-08-09,Ambrosia (амброзия),травы,1.0,33.0,38.0,3.5
2025-08-09,Artemisia (полынь),травы,65.0,33.0,38.0,3.5
2025-08-09,Betulaceae (неопред.),древесные,1.0,33.0,38.0,3.5
2025-08-09,Cannabaceae (коноплёвые),травы,6.0,33.0,38.0,3.5
2025-08-09,Chenopodiaceae (маревые),травы,86.0,33.0,38.0,3.5
2025-08-09,Cupressaceae (кипарисовые),древесные,7.0,33.0,38.0,3.5
2025-08-09,Liliaceae (лилейные),травы,1.0,33.0,38.0,3.5
2025-08-09,Pinaceae (неопред.),древесные,0.0,33.0,38.0,3.5
2025-08-09,Plantago (подорожник),травы,6.0,33.0,38.0,3.5
2025-08-09,Poaceae (злаковые),травы,1.0,33.0,38.0,3.5
2025-08-09,Rumex (щавель),травы,1.0,33.0,38.0,3.5
2025-08-10,Alternaria alternata,плесень,20.0,33.0,38.0,3.5
2025-08-10,Ambrosia (амброзия),травы,0.0,33.0,38.0,3.5
2025-08-10,Artemisia (полынь),травы,52.0,33.0,38.0,3.5
2025-08-10,Betulaceae (неопред.),древесные,2.0,33.0,38.0,3.5
2025-08-10,Cannabaceae (коноплёвые),травы,6.0,33.0,38.0,3.5
2025-08-10,Chenopodiaceae (маревые),травы,60.0,33.0,38.0,3.5
2025-08-10,Cupressaceae (кипарисовые),древесные,7.0,33.0,38.0,3.5
2025-08-10,Liliaceae (лилейные),травы,1.0,33.0,38.0,3.5
2025-08-10,Pinaceae (неопред.),древесные,0.0,33.0,38.0,3.5
2025-08-10,Plantago (подорожник),травы,6.0,33.0,38.0,3.5
2025-08-10,Poaceae (злаковые),травы,0.0,33.0,38.0,3.5
2025-08-10,Rumex (щавель),травы,2.0,33.0,38.0,3.5
2025-08-11,Alternaria alternata,плесень,21.0,32.0,41.0,3.5
2025-08-11,Ambrosia (амброзия),травы,1.0,32.0,41.0,3.5
2025-08-11,Artemisia (полынь),травы,43.0,32.0,41.0,3.5
2025-08-11,Betulaceae (неопред.),древесные,0.0,32.0,41.0,3.5
2025-08-11,Cannabaceae (коноплёвые),травы,6.0,32.0,41.0,3.5
2025-08-11,Chenopodiaceae (маревые),травы,73.0,32.0,41.0,3.5
2025-08-11,Cupressaceae (кипарисовые),древесные,5.0,32.0,41.0,3.5
2025-08-11,Liliaceae (лилейные),травы,0.0,32.0,41.0,3.5
2025-08-11,Pinaceae (неопред.),древесные,1.0,32.0,41.0,3.5
2025-08-11,Plantago (подорожник),травы,4.0,32.0,41.0,3.5
2025-08-11,Poaceae (злаковые),травы,14.0,32.0,41.0,3.5
2025-08-11,Rumex (щавель),травы,0.0,32.0,41.0,3.5
2025-08-12,Alternaria alternata,плесень,18.0,30.0,44.0,3.2
2025-08-12,Ambrosia (амброзия),травы,1.0,30.0,44.0,3.2
2025-08-12,Artemisia (полынь),травы,67.0,30.0,44.0,3.2
2025-08-12,Betulaceae (неопред.),древесные,1.0,30.0,44.0,3.2
2025-08-12,Cannabaceae (коноплёвые),травы,6.0,30.0,44.0,3.2
2025-08-12,Chenopodiaceae (маревые),травы,51.0,30.0,44.0,3.2
2025-08-12,Cupressaceae (кипарисовые),древесные,6.0,30.0,44.0,3.2
2025-08-12,Liliaceae (лилейные),травы,1.0,30.0,44.0,3.2
2025-08-12,Pinaceae (неопред.),древесные,1.0,30.0,44.0,3.2
2025-08-12,Plantago (подорожник),травы,5.0,30.0,44.0,3.2
2025-08-12,Poaceae (злаковые),травы,16.0,30.0,44.0,3.2
2025-08-12,Rumex (щавель),травы,1.0,30.0,44.0,3.2
2025-08-13,Alternaria alternata,плесень,23.0,31.0,42.0,3.5
2025-08-13,Ambrosia (амброзия),травы,0.0,31.0,42.0,3.5
2025-08-13,Artemisia (полынь),травы,127.0,31.0,42.0,3.5
2025-08-13,Betulaceae (неопред.),древесные,0.0,31.0,42.0,3.5
2025-08-13,Cannabaceae (коноплёвые),травы,5.0,31.0,42.0,3.5
2025-08-13,Chenopodiaceae (маревые),травы,132.0,31.0,42.0,3.5
2025-08-13,Cupressaceae (кипарисовые),древесные,6.0,31.0,42.0,3.5
2025-08-13,Liliaceae (лилейные),травы,1.0,31.0,42.0,3.5
2025-08-13,Pinaceae (неопред.),древесные,0.0,31.0,42.0,3.5
2025-08-13,Plantago (подорожник),травы,5.0,31.0,42.0,3.5
2025-08-13,Poaceae (злаковые),травы,14.0,31.0,42.0,3.5
2025-08-13,Rumex (щавель),травы,0.0,31.0,42.0,3.5
2025-08-14,Alternaria alternata,плесень,21.0,30.0,43.0,3.5
2025-08-14,Ambrosia (амброзия),травы,0.0,30.0,43.0,3.5
2025-08-14,Artemisia (полынь),травы,55.0,30.0,43.0,3.5
2025-08-14,Betulaceae (неопред.),древесные,0.0,30.0,43.0,3.5
2025-08-14,Cannabaceae (коноплёвые),травы,8.0,30.0,43.0,3.5
2025-08-14,Chenopodiaceae (маревые),травы,72.0,30.0,43.0,3.5
2025-08-14,Cupressaceae (кипарисовые),древесные,5.0,30.0,43.0,3.5
2025-08-14,Liliaceae (лилейные),травы,1.0,30.0,43.0,3.5
2025-08-14,Pinaceae (неопред.),древесные,0.0,30.0,43.0,3.5
2025-08-14,Plantago (подорожник),травы,4.0,30.0,43.0,3.5
2025-08-14,Poaceae (злаковые),травы,16.0,30.0,43.0,3.5
2025-08-14,Rumex (щавель),травы,0.0,30.0,43.0,3.5
2025-08-15,Alternaria alternata,плесень,22.0,30.0,43.0,3.2
2025-08-15,Ambrosia (амброзия),травы,16.0,30.0,43.0,3.2
2025-08-15,Artemisia (полынь),травы,223.0,30.0,43.0,3.2
2025-08-15,Betulaceae (неопред.),древесные,1.0,30.0,43.0,3.2
2025-08-15,Cannabaceae (коноплёвые),травы,6.0,30.0,43.0,3.2
2025-08-15,Chenopodiaceae (маревые),травы,59.0,30.0,43.0,3.2
2025-08-15,Cupressaceae (кипарисовые),древесные,2.0,30.0,43.0,3.2
2025-08-15,Liliaceae (лилейные),травы,1.0,30.0,43.0,3.2
2025-08-15,Pinaceae (неопред.),древесные,0.0,30.0,43.0,3.2
2025-08-15,Plantago (подорожник),травы,3.0,30.0,43.0,3.2
2025-08-15,Poaceae (злаковые),травы,12.0,30.0,43.0,3.2
2025-08-15,Rumex (щавель),травы,1.0,30.0,43.0,3.2
2025-08-16,Alternaria alternata,плесень,24.0,30.0,41.0,3.2
2025-08-16,Ambrosia (амброзия),травы,31.0,30.0,41.0,3.2
2025-08-16,Artemisia (полынь),травы,244.0,30.0,41.0,3.2
2025-08-16,Betulaceae (неопред.),древесные,1.0,30.0,41.0,3.2
2025-08-16,Cannabaceae (коноплёвые),травы,7.0,30.0,41.0,3.2
2025-08-16,Chenopodiaceae (маревые),травы,68.0,30.0,41.0,3.2
2025-08-16,Cupressaceae (кипарисовые),древесные,4.0,30.0,41.0,3.2
2025-08-16,Liliaceae (лилейные),травы,0.0,30.0,41.0,3.2
2025-08-16,Pinaceae (неопред.),древесные,0.0,30.0,41.0,3.2
2025-08-16,Plantago (подорожник),травы,1.0,30.0,41.0,3.2
2025-08-16,Poaceae (злаковые),травы,21.0,30.0,41.0,3.2
2025-08-16,Rumex (щавель),травы,1.0,30.0,41.0,3.2
2025-08-17,Alternaria alternata,плесень,26.0,30.0,40.0,3.4
2025-08-17,Ambrosia (амброзия),травы,43.0,30.0,40.0,3.4
2025-08-17,Artemisia (полынь),травы,98.0,30.0,40.0,3.4
2025-08-17,Betulaceae (неопред.),древесные,1.0,30.0,40.0,3.4
2025-08-17,Cannabaceae (коноплёвые),травы,9.0,30.0,40.0,3.4
2025-08-17,Chenopodiaceae (маревые),травы,53.0,30.0,40.0,3.4
2025-08-17,Cupressaceae (кипарисовые),древесные,2.0,30.0,40.0,3.4
2025-08-17,Liliaceae (лилейные),травы,3.0,30.0,40.0,3.4
2025-08-17,Pinaceae (неопред.),древесные,0.0,30.0,40.0,3.4
2025-08-17,Plantago (подорожник),травы,1.0,30.0,40.0,3.4
2025-08-17,Poaceae (злаковые),травы,23.0,30.0,40.0,3.4
2025-08-17,Rumex (щавель),травы,1.0,30.0,40.0,3.4
2025-08-18,Alternaria alternata,плесень,31.0,28.0,42.0,3.4
2025-08-18,Ambrosia (амброзия),травы,36.0,28.0,42.0,3.4
2025-08-18,Artemisia (полынь),травы,302.0,28.0,42.0,3.4
2025-08-18,Betulaceae (неопред.),древесные,0.0,28.0,42.0,3.4
2025-08-18,Cannabaceae (коноплёвые),травы,12.0,28.0,42.0,3.4
2025-08-18,Chenopodiaceae (маревые),травы,43.0,28.0,42.0,3.4
2025-08-18,Cupressaceae (кипарисовые),древесные,2.0,28.0,42.0,3.4
2025-08-18,Liliaceae (лилейные),травы,3.0,28.0,42.0,3.4
2025-08-18,Onobrychis (эспарцет),травы,1.0,28.0,42.0,3.4
2025-08-18,Plantago (подорожник),травы,3.0,28.0,42.0,3.4
2025-08-18,Poaceae (злаковые),травы,24.0,28.0,42.0,3.4
2025-08-18,Rumex (щавель),травы,1.0,28.0,42.0,3.4
2025-08-19,Alternaria alternata,плесень,32.0,31.0,39.0,3.2
2025-08-19,Ambrosia (амброзия),травы,48.0,31.0,39.0,3.2
2025-08-19,Artemisia (полынь),травы,111.0,31.0,39.0,3.2
2025-08-19,Betulaceae (неопред.),древесные,0.0,31.0,39.0,3.2
2025-08-19,Cannabaceae (коноплёвые),травы,11.0,31.0,39.0,3.2
2025-08-19,Chenopodiaceae (маревые),травы,74.0,31.0,39.0,3.2
2025-08-19,Cupressaceae (кипарисовые),древесные,1.0,31.0,39.0,3.2
2025-08-19,Liliaceae (лилейные),травы,3.0,31.0,39.0,3.2
2025-08-19,Onobrychis (эспарцет),травы,0.0,31.0,39.0,3.2
2025-08-19,Plantago (подорожник),травы,3.0,31.0,39.0,3.2
2025-08-19,Poaceae (злаковые),травы,26.0,31.0,39.0,3.2
2025-08-19,Rumex (щавель),травы,1.0,31.0,39.0,3.2
2025-08-20,Alternaria alternata,плесень,29.0,31.0,39.0,3.4
2025-08-20,Ambrosia (амброзия),травы,37.0,31.0,39.0,3.4
2025-08-20,Artemisia (полынь),травы,93.0,31.0,39.0,3.4
2025-08-20,Betulaceae (неопред.),древесные,0.0,31.0,39.0,3.4
2025-08-20,Cannabaceae (коноплёвые),травы,8.0,31.0,39.0,3.4
2025-08-20,Chenopodiaceae (маревые),травы,68.0,31.0,39.0,3.4
2025-08-20,Cupressaceae (кипарисовые),древесные,0.0,31.0,39.0,3.4
2025-08-20,Liliaceae (лилейные),травы,3.0,31.0,39.0,3.4
2025-08-20,Onobrychis (эспарцет),травы,1.0,31.0,39.0,3.4
2025-08-20,Plantago (подорожник),травы,2.0,31.0,39.0,3.4
2025-08-20,Poaceae (злаковые),травы,18.0,31.0,39.0,3.4
2025-08-20,Rumex (щавель),травы,2.0,31.0,39.0,3.4
2025-08-21,Alternaria alternata,плесень,24.0,32.0,40.0,3.2
2025-08-21,Ambrosia (амброзия),травы,40.0,32.0,40.0,3.2
2025-08-21,Artemisia (полынь),травы,55.0,32.0,40.0,3.2
2025-08-21,Betulaceae (неопред.),древесные,0.0,32.0,40.0,3.2
2025-08-21,Cannabaceae (коноплёвые),травы,6.0,32.0,40.0,3.2
2025-08-21,Chenopodiaceae (маревые),травы,49.0,32.0,40.0,3.2
2025-08-21,Cupressaceae (кипарисовые),древесные,2.0,32.0,40.0,3.2
2025-08-21,Liliaceae (лилейные),травы,1.0,32.0,40.0,3.2
2025-08-21,Onobrychis (эспарцет),травы,0.0,32.0,40.0,3.2
2025-08-21,Plantago (подорожник),травы,1.0,32.0,40.0,3.2
2025-08-21,Poaceae (злаковые),травы,17.0,32.0,40.0,3.2
2025-08-21,Rumex (щавель),травы,1.0,32.0,40.0,3.2
2025-08-22,Alternaria alternata,плесень,21.0,33.0,39.0,3.5
2025-08-22,Ambrosia (амброзия),травы,55.0,33.0,39.0,3.5
2025-08-22,Artemisia (полынь),травы,75.0,33.0,39.0,3.5
2025-08-22,Betulaceae (неопред.),древесные,0.0,33.0,39.0,3.5
2025-08-22,Cannabaceae (коноплёвые),травы,6.0,33.0,39.0,3.5
2025-08-22,Chenopodiaceae (маревые),травы,42.0,33.0,39.0,3.5
2025-08-22,Cupressaceae (кипарисовые),древесные,3.0,33.0,39.0,3.5
2025-08-22,Liliaceae (лилейные),травы,0.0,33.0,39.0,3.5
2025-08-22,Onobrychis (эспарцет),травы,0.0,33.0,39.0,3.5
2025-08-22,Plantago (подорожник),травы,1.0,33.0,39.0,3.5
2025-08-22,Poaceae (злаковые),травы,24.0,33.0,39.0,3.5
2025-08-22,Rumex (щавель),травы,1.0,33.0,39.0,3.5
2025-08-23,Alternaria alternata,плесень,28.0,28.0,39.0,3.0
2025-08-23,Ambrosia (амброзия),травы,45.0,28.0,39.0,3.0
2025-08-23,Artemisia (полынь),травы,306.0,28.0,39.0,3.0
2025-08-23,Betulaceae (неопред.),древесные,1.0,28.0,39.0,3.0
2025-08-23,Cannabaceae (коноплёвые),травы,8.0,28.0,39.0,3.0
2025-08-23,Chenopodiaceae (маревые),травы,37.0,28.0,39.0,3.0
2025-08-23,Cupressaceae (кипарисовые),древесные,3.0,28.0,39.0,3.0
2025-08-23,Liliaceae (лилейные),травы,0.0,28.0,39.0,3.0
2025-08-23,Onobrychis (эспарцет),травы,0.0,28.0,39.0,3.0
2025-08-23,Plantago (подорожник),травы,1.0,28.0,39.0,3.0
2025-08-23,Poaceae (злаковые),травы,28.0,28.0,39.0,3.0
2025-08-23,Rumex (щавель),травы,0.0,28.0,39.0,3.0
2025-08-24,Alternaria alternata,плесень,29.0,30.0,41.0,3.5
2025-08-24,Ambrosia (амброзия),травы,31.0,30.0,41.0,3.5
2025-08-24,Artemisia (полынь),травы,113.0,30.0,41.0,3.5
2025-08-24,Betulaceae (неопред.),древесные,1.0,30.0,41.0,3.5
2025-08-24,Cannabaceae (коноплёвые),травы,6.0,30.0,41.0,3.5
2025-08-24,Chenopodiaceae (маревые),травы,39.0,30.0,41.0,3.5
2025-08-24,Cupressaceae (кипарисовые),древесные,3.0,30.0,41.0,3.5
2025-08-24,Liliaceae (лилейные),травы,2.0,30.0,41.0,3.5
2025-08-24,Onobrychis (эспарцет),травы,0.0,30.0,41.0,3.5
2025-08-24,Plantago (подорожник),травы,2.0,30.0,41.0,3.5
2025-08-24,Poaceae (злаковые),травы,32.0,30.0,41.0,3.5
2025-08-24,Rumex (щавель),травы,0.0,30.0,41.0,3.5
2025-08-25,Alternaria alternata,плесень,26.0,31.0,41.0,3.7
2025-08-25,Ambrosia (амброзия),травы,98.0,31.0,41.0,3.7
2025-08-25,Artemisia (полынь),травы,53.0,31.0,41.0,3.7
2025-08-25,Betulaceae (неопред.),древесные,1.0,31.0,41.0,3.7
2025-08-25,Cannabaceae (коноплёвые),травы,3.0,31.0,41.0,3.7
2025-08-25,Chenopodiaceae (маревые),травы,47.0,31.0,41.0,3.7
2025-08-25,Liliaceae (лилейные),травы,2.0,31.0,41.0,3.7
2025-08-25,Plantago (подорожник),травы,1.0,31.0,41.0,3.7
2025-08-25,Poaceae (злаковые),травы,18.0,31.0,41.0,3.7
2025-08-25,Rumex (щавель),травы,1.0,31.0,41.0,3.7
2025-08-26,Alternaria alternata,плесень,28.0,30.0,44.0,3.2
2025-08-26,Ambrosia (амброзия),травы,66.0,30.0,44.0,3.2
2025-08-26,Artemisia (полынь),травы,45.0,30.0,44.0,3.2
2025-08-26,Betulaceae (неопред.),древесные,3.0,30.0,44.0,3.2
2025-08-26,Cannabaceae (коноплёвые),травы,2.0,30.0,44.0,3.2
2025-08-26,Chenopodiaceae (маревые),травы,61.0,30.0,44.0,3.2
2025-08-26,Liliaceae (лилейные),травы,1.0,30.0,44.0,3.2
2025-08-26,Plantago (подорожник),травы,2.0,30.0,44.0,3.2
2025-08-26,Poaceae (злаковые),травы,29.0,30.0,44.0,3.2
2025-08-26,Rumex (щавель),травы,1.0,30.0,44.0,3.2
2025-08-27,Alternaria alternata,плесень,29.0,29.0,45.0,3.2
2025-08-27,Ambrosia (амброзия),травы,28.0,29.0,45.0,3.2
2025-08-27,Artemisia (полынь),травы,34.0,29.0,45.0,3.2
2025-08-27,Betulaceae (неопред.),древесные,0.0,29.0,45.0,3.2
2025-08-27,Cannabaceae (коноплёвые),травы,5.0,29.0,45.0,3.2
2025-08-27,Chenopodiaceae (маревые),травы,28.0,29.0,45.0,3.2
2025-08-27,Liliaceae (лилейные),травы,1.0,29.0,45.0,3.2
2025-08-27,Plantago (подорожник),травы,1.0,29.0,45.0,3.2
2025-08-27,Poaceae (злаковые),травы,24.0,29.0,45.0,3.2
2025-08-27,Rumex (щавель),травы,1.0,29.0,45.0,3.2
2025-08-28,Alternaria alternata,плесень,24.0,30.0,43.0,3.5
2025-08-28,Ambrosia (амброзия),травы,39.0,30.0,43.0,3.5
2025-08-28,Artemisia (полынь),травы,46.0,30.0,43.0,3.5
2025-08-28,Betulaceae (неопред.),древесные,3.0,30.0,43.0,3.5
2025-08-28,Cannabaceae (коноплёвые),травы,5.0,30.0,43.0,3.5
2025-08-28,Chenopodiaceae (маревые),травы,41.0,30.0,43.0,3.5
2025-08-28,Liliaceae (лилейные),травы,4.0,30.0,43.0,3.5
2025-08-28,Plantago (подорожник),травы,3.0,30.0,43.0,3.5
2025-08-28,Poaceae (злаковые),травы,22.0,30.0,43.0,3.5
2025-08-28,Rumex (щавель),травы,0.0,30.0,43.0,3.5
2025-08-29,Alternaria alternata,плесень,22.0,29.0,41.0,3.5
2025-08-29,Ambrosia (амброзия),травы,57.0,29.0,41.0,3.5
2025-08-29,Artemisia (полынь),травы,63.0,29.0,41.0,3.5
2025-08-29,Betulaceae (неопред.),древесные,3.0,29.0,41.0,3.5
2025-08-29,Cannabaceae (коноплёвые),травы,5.0,29.0,41.0,3.5
2025-08-29,Chenopodiaceae (маревые),травы,31.0,29.0,41.0,3.5
2025-08-29,Liliaceae (лилейные),травы,3.0,29.0,41.0,3.5
2025-08-29,Plantago (подорожник),травы,5.0,29.0,41.0,3.5
2025-08-29,Poaceae (злаковые),травы,18.0,29.0,41.0,3.5
2025-08-29,Rumex (щавель),травы,2.0,29.0,41.0,3.5
2025-08-30,Alternaria alternata,плесень,24.0,28.0,43.0,3.2
2025-08-30,Ambrosia (амброзия),травы,95.0,28.0,43.0,3.2
2025-08-30,Artemisia (полынь),травы,195.0,28.0,43.0,3.2
2025-08-30,Betulaceae (неопред.),древесные,1.0,28.0,43.0,3.2
2025-08-30,Cannabaceae (коноплёвые),травы,3.0,28.0,43.0,3.2
2025-08-30,Chenopodiaceae (маревые),травы,27.0,28.0,43.0,3.2
2025-08-30,Liliaceae (лилейные),травы,4.0,28.0,43.0,3.2
2025-08-30,Plantago (подорожник),травы,5.0,28.0,43.0,3.2
2025-08-30,Poaceae (злаковые),травы,18.0,28.0,43.0,3.2
2025-08-30,Rumex (щавель),травы,1.0,28.0,43.0,3.2
2025-08-31,Alternaria alternata,плесень,20.0,29.0,42.0,3.2
2025-08-31,Ambrosia (амброзия),травы,88.0,29.0,42.0,3.2
2025-08-31,Artemisia (полынь),травы,147.0,29.0,42.0,3.2
2025-08-31,Betulaceae (неопред.),древесные,1.0,29.0,42.0,3.2
2025-08-31,Cannabaceae (коноплёвые),травы,2.0,29.0,42.0,3.2
2025-08-31,Chenopodiaceae (маревые),травы,21.0,29.0,42.0,3.2
2025-08-31,Liliaceae (лилейные),травы,4.0,29.0,42.0,3.2
2025-08-31,Plantago (подорожник),травы,1.0,29.0,42.0,3.2
2025-08-31,Poaceae (злаковые),травы,8.0,29.0,42.0,3.2
2025-08-31,Rumex (щавель),травы,0.0,29.0,42.0,3.2
2025-09-29,Alternaria alternata,плесень,58.0,26.0,52.0,3.5
2025-09-29,Ambrosia (амброзия),травы,26.0,26.0,52.0,3.5
2025-09-29,Artemisia (полынь),травы,1662.0,26.0,52.0,3.5
2025-09-29,Bipolaris spicifera,плесень,62.0,26.0,52.0,3.5
2025-09-29,Cannabaceae (коноплёвые),травы,1.0,26.0,52.0,3.5
2025-09-29,Chenopodiaceae (маревые),травы,4.0,26.0,52.0,3.5
2025-09-29,Cladosporium herbarum,плесень,98.0,26.0,52.0,3.5
2025-09-29,Liliaceae (лилейные),травы,1.0,26.0,52.0,3.5
2025-09-29,Poaceae (злаковые),травы,1.0,26.0,52.0,3.5
2025-09-30,Alternaria alternata,плесень,67.0,22.0,52.0,3.7
2025-09-30,Ambrosia (амброзия),травы,19.0,22.0,52.0,3.7
2025-09-30,Artemisia (полынь),травы,456.0,22.0,52.0,3.7
2025-09-30,Bipolaris spicifera,плесень,50.0,22.0,52.0,3.7
2025-09-30,Cannabaceae (коноплёвые),травы,0.0,22.0,52.0,3.7
2025-09-30,Chenopodiaceae (маревые),травы,1.0,22.0,52.0,3.7
2025-09-30,Cladosporium herbarum,плесень,124.0,22.0,52.0,3.7
2025-09-30,Liliaceae (лилейные),травы,1.0,22.0,52.0,3.7
2025-09-30,Poaceae (злаковые),травы,2.0,22.0,52.0,3.7
2025-10-01,Alternaria alternata,плесень,9.0,9.0,52.0,3.2
2025-10-01,Ambrosia (амброзия),травы,1.0,9.0,52.0,3.2
2025-10-01,Artemisia (полынь),травы,7.0,9.0,52.0,3.2
2025-10-01,Bipolaris spicifera,плесень,8.0,9.0,52.0,3.2
2025-10-01,Cannabaceae (коноплёвые),травы,0.0,9.0,52.0,3.2
2025-10-01,Chenopodiaceae (маревые),травы,0.0,9.0,52.0,3.2
2025-10-01,Cladosporium herbarum,плесень,11.0,9.0,52.0,3.2
2025-10-01,Liliaceae (лилейные),травы,0.0,9.0,52.0,3.2
2025-10-01,Poaceae (злаковые),травы,0.0,9.0,52.0,3.2
2025-10-02,Alternaria alternata,плесень,13.0,12.0,52.0,3.4
2025-10-02,Ambrosia (амброзия),травы,22.0,12.0,52.0,3.4
2025-10-02,Artemisia (полынь),травы,88.0,12.0,52.0,3.4
2025-10-02,Bipolaris spicifera,плесень,5.0,12.0,52.0,3.4
2025-10-02,Cannabaceae (коноплёвые),травы,0.0,12.0,52.0,3.4
2025-10-02,Chenopodiaceae (маревые),травы,1.0,12.0,52.0,3.4
2025-10-02,Cladosporium herbarum,плесень,55.0,12.0,52.0,3.4
2025-10-02,Liliaceae (лилейные),травы,0.0,12.0,52.0,3.4
2025-10-02,Poaceae (злаковые),травы,0.0,12.0,52.0,3.4
2025-10-03,Alternaria alternata,плесень,24.0,15.0,51.0,3.0
2025-10-03,Ambrosia (амброзия),травы,11.0,15.0,51.0,3.0
2025-10-03,Artemisia (полынь),травы,83.0,15.0,51.0,3.0
2025-10-03,Bipolaris spicifera,плесень,14.0,15.0,51.0,3.0
2025-10-03,Cannabaceae (коноплёвые),травы,1.0,15.0,51.0,3.0
2025-10-03,Chenopodiaceae (маревые),травы,0.0,15.0,51.0,3.0
2025-10-03,Cladosporium herbarum,плесень,32.0,15.0,51.0,3.0
2025-10-03,Liliaceae (лилейные),травы,0.0,15.0,51.0,3.0
2025-10-03,Poaceae (злаковые),травы,0.0,15.0,51.0,3.0
2025-10-04,Alternaria alternata,плесень,26.0,17.0,54.0,3.2
2025-10-04,Ambrosia (амброзия),травы,8.0,17.0,54.0,3.2
2025-10-04,Artemisia (полынь),травы,79.0,17.0,54.0,3.2
2025-10-04,Bipolaris spicifera,плесень,11.0,17.0,54.0,3.2
2025-10-04,Cannabaceae (коноплёвые),травы,0.0,17.0,54.0,3.2
2025-10-04,Chenopodiaceae (маревые),травы,0.0,17.0,54.0,3.2
2025-10-04,Cladosporium herbarum,плесень,39.0,17.0,54.0,3.2
2025-10-04,Liliaceae (лилейные),травы,0.0,17.0,54.0,3.2
2025-10-04,Poaceae (злаковые),травы,1.0,17.0,54.0,3.2
2025-10-05,Alternaria alternata,плесень,34.0,14.0,55.00000000000001,3.5
2025-10-05,Ambrosia (амброзия),травы,5.0,14.0,55.00000000000001,3.5
2025-10-05,Artemisia (полынь),травы,100.0,14.0,55.00000000000001,3.5
2025-10-05,Bipolaris spicifera,плесень,13.0,14.0,55.00000000000001,3.5
2025-10-05,Cannabaceae (коноплёвые),травы,1.0,14.0,55.00000000000001,3.5
2025-10-05,Chenopodiaceae (маревые),травы,0.0,14.0,55.00000000000001,3.5
2025-10-05,Cladosporium herbarum,плесень,44.0,14.0,55.00000000000001,3.5
2025-10-05,Liliaceae (лилейные),травы,1.0,14.0,55.00000000000001,3.5
2025-10-05,Poaceae (злаковые),травы,1.0,14.0,55.00000000000001,3.5
2025-10-06,Alternaria alternata,плесень,29.0,12.0,57.99999999999999,3.4
2025-10-06,Ambrosia (амброзия),травы,10.0,12.0,57.99999999999999,3.4
2025-10-06,Artemisia (полынь),травы,59.0,12.0,57.99999999999999,3.4
2025-10-06,Bipolaris spicifera,плесень,13.0,12.0,57.99999999999999,3.4
2025-10-06,Cannabaceae (коноплёвые),травы,1.0,12.0,57.99999999999999,3.4
2025-10-06,Chenopodiaceae (маревые),травы,0.0,12.0,57.99999999999999,3.4
2025-10-06,Cladosporium herbarum,плесень,50.0,12.0,57.99999999999999,3.4
2025-10-06,Liliaceae (лилейные),травы,1.0,12.0,57.99999999999999,3.4
2025-10-06,Poaceae (злаковые),травы,0.0,12.0,57.99999999999999,3.4
2025-10-07,Alternaria alternata,плесень,28.0,16.0,60.0,3.2
2025-10-07,Ambrosia (амброзия),травы,5.0,16.0,60.0,3.2
2025-10-07,Artemisia (полынь),травы,47.0,16.0,60.0,3.2
2025-10-07,Bipolaris spicifera,плесень,17.0,16.0,60.0,3.2
2025-10-07,Cannabaceae (коноплёвые),травы,0.0,16.0,60.0,3.2
2025-10-07,Chenopodiaceae (маревые),травы,1.0,16.0,60.0,3.2
2025-10-07,Cladosporium herbarum,плесень,59.0,16.0,60.0,3.2
2025-10-07,Liliaceae (лилейные),травы,1.0,16.0,60.0,3.2
2025-10-07,Poaceae (злаковые),травы,1.0,16.0,60.0,3.2
2025-10-08,Alternaria alternata,плесень,27.0,16.0,56.00000000000001,3.4
2025-10-08,Ambrosia (амброзия),травы,5.0,16.0,56.00000000000001,3.4
2025-10-08,Artemisia (полынь),травы,72.0,16.0,56.00000000000001,3.4
2025-10-08,Bipolaris spicifera,плесень,11.0,16.0,56.00000000000001,3.4
2025-10-08,Cannabaceae (коноплёвые),травы,0.0,16.0,56.00000000000001,3.4
2025-10-08,Chenopodiaceae (маревые),травы,0.0,16.0,56.00000000000001,3.4
2025-10-08,Cladosporium herbarum,плесень,37.0,16.0,56.00000000000001,3.4
2025-10-08,Liliaceae (лилейные),травы,1.0,16.0,56.00000000000001,3.4
2025-10-08,Poaceae (злаковые),травы,0.0,16.0,56.00000000000001,3.4
2025-10-09,Alternaria alternata,плесень,19.0,14.0,56.99999999999999,3.7
2025-10-09,Ambrosia (амброзия),травы,2.0,14.0,56.99999999999999,3.7
2025-10-09,Artemisia (полынь),травы,40.0,14.0,56.99999999999999,3.7
2025-10-09,Bipolaris spicifera,плесень,11.0,14.0,56.99999999999999,3.7
2025-10-09,Cannabaceae (коноплёвые),травы,0.0,14.0,56.99999999999999,3.7
2025-10-09,Chenopodiaceae (маревые),травы,3.0,14.0,56.99999999999999,3.7
2025-10-09,Cladosporium herbarum,плесень,28.0,14.0,56.99999999999999,3.7
2025-10-09,Liliaceae (лилейные),травы,0.0,14.0,56.99999999999999,3.7
2025-10-09,Poaceae (злаковые),травы,0.0,14.0,56.99999999999999,3.7
2025-10-10,Alternaria alternata,плесень,16.0,15.0,56.99999999999999,3.2
2025-10-10,Ambrosia (амброзия),травы,8.0,15.0,56.99999999999999,3.2
2025-10-10,Artemisia (полынь),травы,47.0,15.0,56.99999999999999,3.2
2025-10-10,Bipolaris spicifera,плесень,9.0,15.0,56.99999999999999,3.2
2025-10-10,Cannabaceae (коноплёвые),травы,0.0,15.0,56.99999999999999,3.2
2025-10-10,Chenopodiaceae (маревые),травы,0.0,15.0,56.99999999999999,3.2
2025-10-10,Cladosporium herbarum,плесень,20.0,15.0,56.99999999999999,3.2
2025-10-10,Liliaceae (лилейные),травы,1.0,15.0,56.99999999999999,3.2
2025-10-10,Poaceae (злаковые),травы,1.0,15.0,56.99999999999999,3.2
2025-10-11,Alternaria alternata,плесень,24.0,16.0,56.00000000000001,3.5
2025-10-11,Ambrosia (амброзия),травы,9.0,16.0,56.00000000000001,3.5
2025-10-11,Artemisia (полынь),травы,32.0,16.0,56.00000000000001,3.5
2025-10-11,Bipolaris spicifera,плесень,9.0,16.0,56.00000000000001,3.5
2025-10-11,Cannabaceae (коноплёвые),травы,0.0,16.0,56.00000000000001,3.5
2025-10-11,Chenopodiaceae (маревые),травы,1.0,16.0,56.00000000000001,3.5
2025-10-11,Cladosporium herbarum,плесень,35.0,16.0,56.00000000000001,3.5
2025-10-11,Liliaceae (лилейные),травы,0.0,16.0,56.00000000000001,3.5
2025-10-11,Poaceae (злаковые),травы,0.0,16.0,56.00000000000001,3.5
2025-10-12,Alternaria alternata,плесень,20.0,20.0,56.00000000000001,3.0
2025-10-12,Ambrosia (амброзия),травы,6.0,20.0,56.00000000000001,3.0
2025-10-12,Artemisia (полынь),травы,107.0,20.0,56.00000000000001,3.0
2025-10-12,Bipolaris spicifera,плесень,8.0,20.0,56.00000000000001,3.0
2025-10-12,Cannabaceae (коноплёвые),травы,0.0,20.0,56.00000000000001,3.0
2025-10-12,Chenopodiaceae (маревые),травы,0.0,20.0,56.00000000000001,3.0
2025-10-12,Cladosporium herbarum,плесень,29.0,20.0,56.00000000000001,3.0
2025-10-12,Liliaceae (лилейные),травы,1.0,20.0,56.00000000000001,3.0
2025-10-12,Poaceae (злаковые),травы,0.0,20.0,56.00000000000001,3.0
2025-10-13,Alternaria alternata,плесень,16.0,18.0,57.99999999999999,4.0
2025-10-13,Ambrosia (амброзия),травы,3.0,18.0,57.99999999999999,4.0
2025-10-13,Artemisia (полынь),травы,55.0,18.0,57.99999999999999,4.0
2025-10-13,Bipolaris spicifera,плесень,6.0,18.0,57.99999999999999,4.0
2025-10-13,Cannabaceae (коноплёвые),травы,1.0,18.0,57.99999999999999,4.0
2025-10-13,Chenopodiaceae (маревые),травы,1.0,18.0,57.99999999999999,4.0
2025-10-13,Cladosporium herbarum,плесень,24.0,18.0,57.99999999999999,4.0
2025-10-13,Liliaceae (лилейные),травы,1.0,18.0,57.99999999999999,4.0
2025-10-14,Alternaria alternata,плесень,20.0,15.0,60.0,3.7
2025-10-14,Ambrosia (амброзия),травы,4.0,15.0,60.0,3.7
2025-10-14,Artemisia (полынь),травы,36.0,15.0,60.0,3.7
2025-10-14,Bipolaris spicifera,плесень,6.0,15.0,60.0,3.7
2025-10-14,Cannabaceae (коноплёвые),травы,0.0,15.0,60.0,3.7
2025-10-14,Chenopodiaceae (маревые),травы,0.0,15.0,60.0,3.7
2025-10-14,Cladosporium herbarum,плесень,23.0,15.0,60.0,3.7
2025-10-14,Liliaceae (лилейные),травы,0.0,15.0,60.0,3.7
2025-10-15,Alternaria alternata,плесень,14.0,10.0,64.0,3.0
2025-10-15,Ambrosia (амброзия),травы,10.0,10.0,64.0,3.0
2025-10-15,Artemisia (полынь),травы,59.0,10.0,64.0,3.0
2025-10-15,Bipolaris spicifera,плесень,6.0,10.0,64.0,3.0
2025-10-15,Cannabaceae (коноплёвые),травы,0.0,10.0,64.0,3.0
2025-10-15,Chenopodiaceae (маревые),травы,1.0,10.0,64.0,3.0
2025-10-15,Cladosporium herbarum,плесень,21.0,10.0,64.0,3.0
2025-10-15,Liliaceae (лилейные),травы,1.0,10.0,64.0,3.0
2025-10-16,Alternaria alternata,плесень,12.0,12.0,61.0,3.2
2025-10-16,Ambrosia (амброзия),травы,22.0,12.0,61.0,3.2
2025-10-16,Artemisia (полынь),травы,62.0,12.0,61.0,3.2
2025-10-16,Bipolaris spicifera,плесень,6.0,12.0,61.0,3.2
2025-10-16,Cannabaceae (коноплёвые),травы,1.0,12.0,61.0,3.2
2025-10-16,Chenopodiaceae (маревые),травы,1.0,12.0,61.0,3.2
2025-10-16,Cladosporium herbarum,плесень,18.0,12.0,61.0,3.2
2025-10-16,Liliaceae (лилейные),травы,0.0,12.0,61.0,3.2
2025-10-17,Alternaria alternata,плесень,16.0,21.0,64.0,3.2
2025-10-17,Ambrosia (амброзия),травы,6.0,21.0,64.0,3.2
2025-10-17,Artemisia (полынь),травы,32.0,21.0,64.0,3.2
2025-10-17,Bipolaris spicifera,плесень,5.0,21.0,64.0,3.2
2025-10-17,Cannabaceae (коноплёвые),травы,0.0,21.0,64.0,3.2
2025-10-17,Chenopodiaceae (маревые),травы,1.0,21.0,64.0,3.2
2025-10-17,Cladosporium herbarum,плесень,17.0,21.0,64.0,3.2
2025-10-17,Liliaceae (лилейные),травы,1.0,21.0,64.0,3.2
2025-10-18,Alternaria alternata,плесень,17.0,18.0,64.0,3.5
2025-10-18,Ambrosia (амброзия),травы,18.0,18.0,64.0,3.5
2025-10-18,Artemisia (полынь),травы,37.0,18.0,64.0,3.5
2025-10-18,Bipolaris spicifera,плесень,6.0,18.0,64.0,3.5
2025-10-18,Cannabaceae (коноплёвые),травы,0.0,18.0,64.0,3.5
2025-10-18,Chenopodiaceae (маревые),травы,1.0,18.0,64.0,3.5
2025-10-18,Cladosporium herbarum,плесень,24.0,18.0,64.0,3.5
2025-10-18,Liliaceae (лилейные),травы,0.0,18.0,64.0,3.5
2025-10-19,Alternaria alternata,плесень,23.0,17.0,63.0,3.4
2025-10-19,Ambrosia (амброзия),травы,4.0,17.0,63.0,3.4
2025-10-19,Artemisia (полынь),травы,29.0,17.0,63.0,3.4
2025-10-19,Bipolaris spicifera,плесень,5.0,17.0,63.0,3.4
2025-10-19,Cannabaceae (коноплёвые),травы,0.0,17.0,63.0,3.4
2025-10-19,Chenopodiaceae (маревые),травы,1.0,17.0,63.0,3.4
2025-10-19,Cladosporium herbarum,плесень,18.0,17.0,63.0,3.4
2025-10-19,Liliaceae (лилейные),травы,0.0,17.0,63.0,3.4
2025-10-20,Alternaria alternata,плесень,16.0,16.0,62.0,3.4
2025-10-20,Ambrosia (амброзия),травы,5.0,16.0,62.0,3.4
2025-10-20,Artemisia (полынь),травы,19.0,16.0,62.0,3.4
2025-10-20,Bipolaris spicifera,плесень,5.0,16.0,62.0,3.4
2025-10-20,Cannabaceae (коноплёвые),травы,0.0,16.0,62.0,3.4
2025-10-20,Chenopodiaceae (маревые),травы,0.0,16.0,62.0,3.4
2025-10-20,Cladosporium herbarum,плесень,18.0,16.0,62.0,3.4
2025-10-20,Liliaceae (лилейные),травы,0.0,16.0,62.0,3.4
2025-10-20,Poaceae (злаковые),травы,0.0,16.0,62.0,3.4
2025-10-21,Alternaria alternata,плесень,21.0,16.0,64.0,3.4
2025-10-21,Ambrosia (амброзия),травы,6.0,16.0,64.0,3.4
2025-10-21,Artemisia (полынь),травы,16.0,16.0,64.0,3.4
2025-10-21,Bipolaris spicifera,плесень,5.0,16.0,64.0,3.4
2025-10-21,Cannabaceae (коноплёвые),травы,1.0,16.0,64.0,3.4
2025-10-21,Chenopodiaceae (маревые),травы,0.0,16.0,64.0,3.4
2025-10-21,Cladosporium herbarum,плесень,23.0,16.0,64.0,3.4
2025-10-21,Liliaceae (лилейные),травы,0.0,16.0,64.0,3.4
2025-10-21,Poaceae (злаковые),травы,0.0,16.0,64.0,3.4
2025-10-22,Alternaria alternata,плесень,24.0,18.0,64.0,3.2
2025-10-22,Ambrosia (амброзия),травы,6.0,18.0,64.0,3.2
2025-10-22,Artemisia (полынь),травы,23.0,18.0,64.0,3.2
2025-10-22,Bipolaris spicifera,плесень,6.0,18.0,64.0,3.2
2025-10-22,Cannabaceae (коноплёвые),травы,1.0,18.0,64.0,3.2
2025-10-22,Chenopodiaceae (маревые),травы,0.0,18.0,64.0,3.2
2025-10-22,Cladosporium herbarum,плесень,21.0,18.0,64.0,3.2
2025-10-22,Liliaceae (лилейные),травы,0.0,18.0,64.0,3.2
2025-10-22,Poaceae (злаковые),травы,1.0,18.0,64.0,3.2
2025-10-23,Alternaria alternata,плесень,21.0,18.0,67.0,3.0
2025-10-23,Ambrosia (амброзия),травы,6.0,18.0,67.0,3.0
2025-10-23,Artemisia (полынь),травы,14.0,18.0,67.0,3.0
2025-10-23,Bipolaris spicifera,плесень,4.0,18.0,67.0,3.0
2025-10-23,Cannabaceae (коноплёвые),травы,0.0,18.0,67.0,3.0
2025-10-23,Chenopodiaceae (маревые),травы,0.0,18.0,67.0,3.0
2025-10-23,Cladosporium herbarum,плесень,18.0,18.0,67.0,3.0
2025-10-23,Liliaceae (лилейные),травы,0.0,18.0,67.0,3.0
2025-10-23,Poaceae (злаковые),травы,0.0,18.0,67.0,3.0
2025-10-24,Alternaria alternata,плесень,18.0,19.0,69.0,3.2
2025-10-24,Ambrosia (амброзия),травы,5.0,19.0,69.0,3.2
2025-10-24,Artemisia (полынь),травы,13.0,19.0,69.0,3.2
2025-10-24,Bipolaris spicifera,плесень,3.0,19.0,69.0,3.2
2025-10-24,Cannabaceae (коноплёвые),травы,0.0,19.0,69.0,3.2
2025-10-24,Chenopodiaceae (маревые),травы,0.0,19.0,69.0,3.2
2025-10-24,Cladosporium herbarum,плесень,21.0,19.0,69.0,3.2
2025-10-24,Liliaceae (лилейные),травы,1.0,19.0,69.0,3.2
2025-10-24,Poaceae (злаковые),травы,0.0,19.0,69.0,3.2
2025-10-25,Alternaria alternata,плесень,24.0,21.0,67.0,3.0
2025-10-25,Ambrosia (амброзия),травы,7.0,21.0,67.0,3.0
2025-10-25,Artemisia (полынь),травы,18.0,21.0,67.0,3.0
2025-10-25,Bipolaris spicifera,плесень,7.0,21.0,67.0,3.0
2025-10-25,Cannabaceae (коноплёвые),травы,0.0,21.0,67.0,3.0
2025-10-25,Chenopodiaceae (маревые),травы,0.0,21.0,67.0,3.0
2025-10-25,Cladosporium herbarum,плесень,29.0,21.0,67.0,3.0
2025-10-25,Liliaceae (лилейные),травы,1.0,21.0,67.0,3.0
2025-10-25,Poaceae (злаковые),травы,0.0,21.0,67.0,3.0
2025-10-26,Alternaria alternata,плесень,26.0,20.0,65.0,3.4
2025-10-26,Ambrosia (амброзия),травы,4.0,20.0,65.0,3.4
2025-10-26,Artemisia (полынь),травы,20.0,20.0,65.0,3.4
2025-10-26,Bipolaris spicifera,плесень,12.0,20.0,65.0,3.4
2025-10-26,Cannabaceae (коноплёвые),травы,0.0,20.0,65.0,3.4
2025-10-26,Chenopodiaceae (маревые),травы,1.0,20.0,65.0,3.4
2025-10-26,Cladosporium herbarum,плесень,23.0,20.0,65.0,3.4
2025-10-26,Liliaceae (лилейные),травы,0.0,20.0,65.0,3.4
2025-10-26,Poaceae (злаковые),травы,0.0,20.0,65.0,3.4
2025-10-27,Alternaria alternata,плесень,18.0,17.0,67.0,3.5
2025-10-27,Ambrosia (амброзия),травы,11.0,17.0,67.0,3.5
2025-10-27,Artemisia (полынь),травы,13.0,17.0,67.0,3.5
2025-10-27,Bipolaris spicifera,плесень,15.0,17.0,67.0,3.5
2025-10-27,Cannabaceae (коноплёвые),травы,1.0,17.0,67.0,3.5
2025-10-27,Chenopodiaceae (маревые),травы,1.0,17.0,67.0,3.5
2025-10-27,Cladosporium herbarum,плесень,24.0,17.0,67.0,3.5
2025-10-27,Liliaceae (лилейные),травы,0.0,17.0,67.0,3.5
2025-10-27,Poaceae (злаковые),травы,0.0,17.0,67.0,3.5
2025-10-28,Alternaria alternata,плесень,21.0,16.0,68.0,3.2
2025-10-28,Ambrosia (амброзия),травы,7.0,16.0,68.0,3.2
2025-10-28,Artemisia (полынь),травы,32.0,16.0,68.0,3.2
2025-10-28,Bipolaris spicifera,плесень,7.0,16.0,68.0,3.2
2025-10-28,Cannabaceae (коноплёвые),травы,1.0,16.0,68.0,3.2
2025-10-28,Chenopodiaceae (маревые),травы,1.0,16.0,68.0,3.2
2025-10-28,Cladosporium herbarum,плесень,24.0,16.0,68.0,3.2
2025-10-28,Liliaceae (лилейные),травы,0.0,16.0,68.0,3.2
2025-10-28,Poaceae (злаковые),травы,1.0,16.0,68.0,3.2
2025-10-29,Alternaria alternata,плесень,31.0,13.0,69.0,3.2
2025-10-29,Ambrosia (амброзия),травы,3.0,13.0,69.0,3.2
2025-10-29,Artemisia (полынь),травы,21.0,13.0,69.0,3.2
2025-10-29,Bipolaris spicifera,плесень,12.0,13.0,69.0,3.2
2025-10-29,Cannabaceae (коноплёвые),травы,0.0,13.0,69.0,3.2
2025-10-29,Chenopodiaceae (маревые),травы,1.0,13.0,69.0,3.2
2025-10-29,Cladosporium herbarum,плесень,34.0,13.0,69.0,3.2
2025-10-29,Liliaceae (лилейные),травы,1.0,13.0,69.0,3.2
2025-10-29,Poaceae (злаковые),травы,0.0,13.0,69.0,3.2
2025-10-30,Alternaria alternata,плесень,20.0,15.0,66.0,3.2
2025-10-30,Ambrosia (амброзия),травы,6.0,15.0,66.0,3.2
2025-10-30,Artemisia (полынь),травы,14.0,15.0,66.0,3.2
2025-10-30,Bipolaris spicifera,плесень,9.0,15.0,66.0,3.2
2025-10-30,Cannabaceae (коноплёвые),травы,0.0,15.0,66.0,3.2
2025-10-30,Chenopodiaceae (маревые),травы,1.0,15.0,66.0,3.2
2025-10-30,Cladosporium herbarum,плесень,24.0,15.0,66.0,3.2
2025-10-30,Liliaceae (лилейные),травы,0.0,15.0,66.0,3.2
2025-10-30,Poaceae (злаковые),травы,0.0,15.0,66.0,3.2
2025-10-31,Alternaria alternata,плесень,21.0,19.0,67.0,3.4
2025-10-31,Ambrosia (амброзия),травы,3.0,19.0,67.0,3.4
2025-10-31,Artemisia (полынь),травы,31.0,19.0,67.0,3.4
2025-10-31,Bipolaris spicifera,плесень,12.0,19.0,67.0,3.4
2025-10-31,Cannabaceae (коноплёвые),травы,1.0,19.0,67.0,3.4
2025-10-31,Chenopodiaceae (маревые),травы,0.0,19.0,67.0,3.4
2025-10-31,Cladosporium herbarum,плесень,34.0,19.0,67.0,3.4
2025-10-31,Liliaceae (лилейные),травы,0.0,19.0,67.0,3.4
2025-10-31,Poaceae (злаковые),травы,0.0,19.0,67.0,3.4
2025-11-01,Alternaria alternata,плесень,16.0,10.0,67.0,3.0
2025-11-01,Ambrosia (амброзия),травы,0.0,10.0,67.0,3.0
2025-11-01,Artemisia (полынь),травы,3.0,10.0,67.0,3.0
2025-11-01,Bipolaris spicifera,плесень,6.0,10.0,67.0,3.0
2025-11-01,Cannabaceae (коноплёвые),травы,0.0,10.0,67.0,3.0
2025-11-01,Chenopodiaceae (маревые),травы,0.0,10.0,67.0,3.0
2025-11-01,Cladosporium herbarum,плесень,18.0,10.0,67.0,3.0
2025-11-01,Liliaceae (лилейные),травы,0.0,10.0,67.0,3.0
2025-11-01,Poaceae (злаковые),травы,0.0,10.0,67.0,3.0
2025-11-02,Alternaria alternata,плесень,13.0,11.0,68.0,3.0
2025-11-02,Ambrosia (амброзия),травы,3.0,11.0,68.0,3.0
2025-11-02,Artemisia (полынь),травы,5.0,11.0,68.0,3.0
2025-11-02,Bipolaris spicifera,плесень,3.0,11.0,68.0,3.0
2025-11-02,Cannabaceae (коноплёвые),травы,1.0,11.0,68.0,3.0
2025-11-02,Chenopodiaceae (маревые),травы,0.0,11.0,68.0,3.0
2025-11-02,Cladosporium herbarum,плесень,24.0,11.0,68.0,3.0
2025-11-02,Liliaceae (лилейные),травы,0.0,11.0,68.0,3.0
2025-11-02,Poaceae (злаковые),травы,0.0,11.0,68.0,3.0
2025-11-03,Alternaria alternata,плесень,9.0,15.0,70.0,3.0
2025-11-03,Ambrosia (амброзия),травы,0.0,15.0,70.0,3.0
2025-11-03,Artemisia (полынь),травы,13.0,15.0,70.0,3.0
2025-11-03,Bipolaris spicifera,плесень,3.0,15.0,70.0,3.0
2025-11-03,Cannabaceae (коноплёвые),травы,0.0,15.0,70.0,3.0
2025-11-03,Chenopodiaceae (маревые),травы,1.0,15.0,70.0,3.0
2025-11-03,Cladosporium herbarum,плесень,10.0,15.0,70.0,3.0
2025-11-03,Liliaceae (лилейные),травы,1.0,15.0,70.0,3.0
2025-11-03,Poaceae (злаковые),травы,0.0,15.0,70.0,3.0
2025-11-04,Alternaria alternata,плесень,3.0,6.0,73.0,3.5
2025-11-04,Ambrosia (амброзия),травы,0.0,6.0,73.0,3.5
2025-11-04,Artemisia (полынь),травы,0.0,6.0,73.0,3.5
2025-11-04,Bipolaris spicifera,плесень,4.0,6.0,73.0,3.5
2025-11-04,Cannabaceae (коноплёвые),травы,0.0,6.0,73.0,3.5
2025-11-04,Chenopodiaceae (маревые),травы,0.0,6.0,73.0,3.5
2025-11-04,Cladosporium herbarum,плесень,0.0,6.0,73.0,3.5
2025-11-04,Liliaceae (лилейные),травы,0.0,6.0,73.0,3.5
2025-11-04,Poaceae (злаковые),травы,0.0,6.0,73.0,3.5
2025-11-05,Alternaria alternata,плесень,0.0,1.0,73.0,3.4
2025-11-05,Ambrosia (амброзия),травы,0.0,1.0,73.0,3.4
2025-11-05,Artemisia (полынь),травы,0.0,1.0,73.0,3.4
2025-11-05,Bipolaris spicifera,плесень,0.0,1.0,73.0,3.4
2025-11-05,Cannabaceae (коноплёвые),травы,0.0,1.0,73.0,3.4
2025-11-05,Chenopodiaceae (маревые),травы,0.0,1.0,73.0,3.4
2025-11-05,Cladosporium herbarum,плесень,0.0,1.0,73.0,3.4
2025-11-05,Liliaceae (лилейные),травы,0.0,1.0,73.0,3.4
2025-11-05,Poaceae (злаковые),травы,0.0,1.0,73.0,3.4
2025-11-06,Alternaria alternata,плесень,0.0,0.0,73.0,3.2
2025-11-06,Ambrosia (амброзия),травы,0.0,0.0,73.0,3.2
2025-11-06,Artemisia (полынь),травы,0.0,0.0,73.0,3.2
2025-11-06,Bipolaris spicifera,плесень,0.0,0.0,73.0,3.2
2025-11-06,Cannabaceae (коноплёвые),травы,0.0,0.0,73.0,3.2
2025-11-06,Chenopodiaceae (маревые),травы,0.0,0.0,73.0,3.2
2025-11-06,Cladosporium herbarum,плесень,0.0,0.0,73.0,3.2
2025-11-06,Liliaceae (лилейные),травы,0.0,0.0,73.0,3.2
2025-11-06,Poaceae (злаковые),травы,0.0,0.0,73.0,3.2
2025-11-07,Alternaria alternata,плесень,0.0,4.0,72.0,3.2
2025-11-07,Ambrosia (амброзия),травы,0.0,4.0,72.0,3.2
2025-11-07,Artemisia (полынь),травы,0.0,4.0,72.0,3.2
2025-11-07,Bipolaris spicifera,плесень,0.0,4.0,72.0,3.2
2025-11-07,Cannabaceae (коноплёвые),травы,0.0,4.0,72.0,3.2
2025-11-07,Chenopodiaceae (маревые),травы,0.0,4.0,72.0,3.2
2025-11-07,Cladosporium herbarum,плесень,0.0,4.0,72.0,3.2
2025-11-07,Liliaceae (лилейные),травы,0.0,4.0,72.0,3.2
2025-11-07,Poaceae (злаковые),травы,0.0,4.0,72.0,3.2
2025-11-08,Alternaria alternata,плесень,0.0,8.0,74.0,3.5
2025-11-08,Ambrosia (амброзия),травы,0.0,8.0,74.0,3.5
2025-11-08,Artemisia (полынь),травы,0.0,8.0,74.0,3.5
2025-11-08,Bipolaris spicifera,плесень,0.0,8.0,74.0,3.5
2025-11-08,Cannabaceae (коноплёвые),травы,0.0,8.0,74.0,3.5
2025-11-08,Chenopodiaceae (маревые),травы,0.0,8.0,74.0,3.5
2025-11-08,Cladosporium herbarum,плесень,0.0,8.0,74.0,3.5
2025-11-08,Liliaceae (лилейные),травы,0.0,8.0,74.0,3.5
2025-11-08,Poaceae (злаковые),травы,0.0,8.0,74.0,3.5
2025-11-09,Alternaria alternata,плесень,0.0,8.0,75.0,3.0
2025-11-09,Ambrosia (амброзия),травы,0.0,8.0,75.0,3.0
2025-11-09,Artemisia (полынь),травы,0.0,8.0,75.0,3.0
2025-11-09,Bipolaris spicifera,плесень,0.0,8.0,75.0,3.0
2025-11-09,Cannabaceae (коноплёвые),травы,0.0,8.0,75.0,3.0
2025-11-09,Chenopodiaceae (маревые),травы,0.0,8.0,75.0,3.0
2025-11-09,Cladosporium herbarum,плесень,0.0,8.0,75.0,3.0
2025-11-09,Liliaceae (лилейные),травы,0.0,8.0,75.0,3.0
2025-11-09,Poaceae (злаковые),травы,0.0,8.0,75.0,3.0
2025-11-10,Alternaria alternata,плесень,9.0,7.0,74.0,1.3
2025-11-10,Ambrosia (амброзия),травы,0.0,7.0,74.0,1.3
2025-11-10,Artemisia (полынь),травы,6.0,7.0,74.0,1.3
2025-11-10,Bipolaris spicifera,плесень,5.0,7.0,74.0,1.3
2025-11-10,Cannabaceae (коноплёвые),травы,0.0,7.0,74.0,1.3
2025-11-10,Chenopodiaceae (маревые),травы,1.0,7.0,74.0,1.3
2025-11-10,Cladosporium herbarum,плесень,11.0,7.0,74.0,1.3
2025-11-10,Liliaceae (лилейные),травы,0.0,7.0,74.0,1.3
2025-11-10,Poaceae (злаковые),травы,0.0,7.0,74.0,1.3
2025-11-11,Alternaria alternata,плесень,7.0,7.0,73.0,1.5
2025-11-11,Ambrosia (амброзия),травы,3.0,7.0,73.0,1.5
2025-11-11,Artemisia (полынь),травы,6.0,7.0,73.0,1.5
2025-11-11,Bipolaris spicifera,плесень,3.0,7.0,73.0,1.5
2025-11-11,Cannabaceae (коноплёвые),травы,0.0,7.0,73.0,1.5
2025-11-11,Chenopodiaceae (маревые),травы,0.0,7.0,73.0,1.5
2025-11-11,Cladosporium herbarum,плесень,13.0,7.0,73.0,1.5
2025-11-11,Liliaceae (лилейные),травы,1.0,7.0,73.0,1.5
2025-11-11,Poaceae (злаковые),травы,0.0,7.0,73.0,1.5
2025-11-12,Alternaria alternata,плесень,7.0,9.0,76.0,1.5
2025-11-12,Ambrosia (амброзия),травы,0.0,9.0,76.0,1.5
2025-11-12,Artemisia (полынь),травы,4.0,9.0,76.0,1.5
2025-11-12,Bipolaris spicifera,плесень,2.0,9.0,76.0,1.5
2025-11-12,Cannabaceae (коноплёвые),травы,0.0,9.0,76.0,1.5
2025-11-12,Chenopodiaceae (маревые),травы,0.0,9.0,76.0,1.5
2025-11-12,Cladosporium herbarum,плесень,10.0,9.0,76.0,1.5
2025-11-12,Liliaceae (лилейные),травы,0.0,9.0,76.0,1.5
2025-11-12,Poaceae (злаковые),травы,0.0,9.0,76.0,1.5
2025-11-13,Alternaria alternata,плесень,6.0,10.0,76.0,1.3
2025-11-13,Ambrosia (амброзия),травы,1.0,10.0,76.0,1.3
2025-11-13,Artemisia (полынь),травы,2.0,10.0,76.0,1.3
2025-11-13,Bipolaris spicifera,плесень,3.0,10.0,76.0,1.3
2025-11-13,Cannabaceae (коноплёвые),травы,1.0,10.0,76.0,1.3
2025-11-13,Chenopodiaceae (маревые),травы,0.0,10.0,76.0,1.3
2025-11-13,Cladosporium herbarum,плесень,9.0,10.0,76.0,1.3
2025-11-13,Liliaceae (лилейные),травы,0.0,10.0,76.0,1.3
2025-11-13,Poaceae (злаковые),травы,0.0,10.0,76.0,1.3
2025-11-14,Alternaria alternata,плесень,6.0,8.0,74.0,1.5
2025-11-14,Ambrosia (амброзия),травы,0.0,8.0,74.0,1.5
2025-11-14,Artemisia (полынь),травы,2.0,8.0,74.0,1.5
2025-11-14,Bipolaris spicifera,плесень,4.0,8.0,74.0,1.5
2025-11-14,Cannabaceae (коноплёвые),травы,0.0,8.0,74.0,1.5
2025-11-14,Chenopodiaceae (маревые),травы,0.0,8.0,74.0,1.5
2025-11-14,Cladosporium herbarum,плесень,7.0,8.0,74.0,1.5
2025-11-14,Liliaceae (лилейные),травы,0.0,8.0,74.0,1.5
2025-11-14,Poaceae (злаковые),травы,0.0,8.0,74.0,1.5
2025-11-15,Alternaria alternata,плесень,5.0,6.0,75.0,1.7
2025-11-15,Ambrosia (амброзия),травы,1.0,6.0,75.0,1.7
2025-11-15,Artemisia (полынь),травы,1.0,6.0,75.0,1.7
2025-11-15,Bipolaris spicifera,плесень,3.0,6.0,75.0,1.7
2025-11-15,Cannabaceae (коноплёвые),травы,1.0,6.0,75.0,1.7
2025-11-15,Chenopodiaceae (маревые),травы,0.0,6.0,75.0,1.7
2025-11-15,Cladosporium herbarum,плесень,8.0,6.0,75.0,1.7
2025-11-15,Liliaceae (лилейные),травы,0.0,6.0,75.0,1.7
2025-11-15,Poaceae (злаковые),травы,0.0,6.0,75.0,1.7
2025-11-16,Alternaria alternata,плесень,4.0,9.0,74.0,1.6
2025-11-16,Ambrosia (амброзия),травы,1.0,9.0,74.0,1.6
2025-11-16,Artemisia (полынь),травы,3.0,9.0,74.0,1.6
2025-11-16,Bipolaris spicifera,плесень,3.0,9.0,74.0,1.6
2025-11-16,Cannabaceae (коноплёвые),травы,1.0,9.0,74.0,1.6
2025-11-16,Chenopodiaceae (маревые),травы,0.0,9.0,74.0,1.6
2025-11-16,Cladosporium herbarum,плесень,8.0,9.0,74.0,1.6
2025-11-16,Liliaceae (лилейные),травы,0.0,9.0,74.0,1.6
2025-11-16,Poaceae (злаковые),травы,0.0,9.0,74.0,1.6
2026-03-26,Alnus (ольха),древесные,6.0,,65.0,4.0
2026-03-26,Corylus (лещина),древесные,0.0,,65.0,4.0
2026-03-26,Cupressaceae (кипарисовые),древесные,133.0,,65.0,4.0
2026-03-26,Poaceae (злаковые),травы,31.0,,65.0,4.0
2026-03-26,Salix (ива),древесные,6.0,,65.0,4.0
2026-03-26,Ulmus (вяз),древесные,186.0,,65.0,4.0
2026-03-27,Alnus (ольха),древесные,3.0,,69.0,4.1
2026-03-27,Corylus (лещина),древесные,0.0,,69.0,4.1
2026-03-27,Cupressaceae (кипарисовые),древесные,99.0,,69.0,4.1
2026-03-27,Poaceae (злаковые),травы,12.0,,69.0,4.1
2026-03-27,Salix (ива),древесные,7.0,,69.0,4.1
2026-03-27,Ulmus (вяз),древесные,74.0,,69.0,4.1
2026-03-28,Alnus (ольха),древесные,3.0,,70.0,3.9
2026-03-28,Corylus (лещина),древесные,3.0,,70.0,3.9
2026-03-28,Cupressaceae (кипарисовые),древесные,43.0,,70.0,3.9
2026-03-28,Poaceae (злаковые),травы,12.0,,70.0,3.9
2026-03-28,Salix (ива),древесные,6.0,,70.0,3.9
2026-03-28,Ulmus (вяз),древесные,37.0,,70.0,3.9
2026-03-29,Alnus (ольха),древесные,6.0,,69.0,4.0
2026-03-29,Corylus (лещина),древесные,3.0,,69.0,4.0
2026-03-29,Cupressaceae (кипарисовые),древесные,50.0,,69.0,4.0
2026-03-29,Poaceae (злаковые),травы,9.0,,69.0,4.0
2026-03-29,Salix (ива),древесные,6.0,,69.0,4.0
2026-03-29,Ulmus (вяз),древесные,93.0,,69.0,4.0
2026-03-30,Alnus (ольха),древесные,6.0,22.0,67.0,4.0
2026-03-30,Alternaria alternata,плесень,0.0,22.0,67.0,4.0
2026-03-30,Betula (берёза),древесные,0.0,22.0,67.0,4.0
2026-03-30,Cladosporium herbarum,плесень,0.0,22.0,67.0,4.0
2026-03-30,Corylus (лещина),древесные,7.0,22.0,67.0,4.0
2026-03-30,Cupressaceae (кипарисовые),древесные,105.0,22.0,67.0,4.0
2026-03-30,Curvularia lunata,плесень,0.0,22.0,67.0,4.0
2026-03-30,Cyperaceae (осоковые),травы,50.0,22.0,67.0,4.0
2026-03-30,Fagus (бук),древесные,0.0,22.0,67.0,4.0
2026-03-30,Picea (ель),древесные,3.0,22.0,67.0,4.0
2026-03-30,Plantago (подорожник),травы,0.0,22.0,67.0,4.0
2026-03-30,Platanus (платан),древесные,0.0,22.0,67.0,4.0
2026-03-30,Poaceae (злаковые),травы,22.0,22.0,67.0,4.0
2026-03-30,Populus (тополь),древесные,0.0,22.0,67.0,4.0
2026-03-30,Salix (ива),древесные,25.0,22.0,67.0,4.0
2026-03-30,Taraxacum (одуванчик),травы,1.0,22.0,67.0,4.0
2026-03-30,Ulmus (вяз),древесные,164.0,22.0,67.0,4.0
2026-03-31,Alnus (ольха),древесные,9.0,23.0,64.0,4.0
2026-03-31,Alternaria alternata,плесень,0.0,23.0,64.0,4.0
2026-03-31,Betula (берёза),древесные,0.0,23.0,64.0,4.0
2026-03-31,Cladosporium herbarum,плесень,0.0,23.0,64.0,4.0
2026-03-31,Corylus (лещина),древесные,12.0,23.0,64.0,4.0
2026-03-31,Cupressaceae (кипарисовые),древесные,77.0,23.0,64.0,4.0
2026-03-31,Curvularia lunata,плесень,0.0,23.0,64.0,4.0
2026-03-31,Cyperaceae (осоковые),травы,60.0,23.0,64.0,4.0
2026-03-31,Fagus (бук),древесные,2.0,23.0,64.0,4.0
2026-03-31,Picea (ель),древесные,2.0,23.0,64.0,4.0
2026-03-31,Plantago (подорожник),травы,0.0,23.0,64.0,4.0
2026-03-31,Platanus (платан),древесные,0.0,23.0,64.0,4.0
2026-03-31,Poaceae (злаковые),травы,31.0,23.0,64.0,4.0
2026-03-31,Populus (тополь),древесные,6.0,23.0,64.0,4.0
2026-03-31,Salix (ива),древесные,15.0,23.0,64.0,4.0
2026-03-31,Taraxacum (одуванчик),травы,0.0,23.0,64.0,4.0
2026-03-31,Ulmus (вяз),древесные,204.0,23.0,64.0,4.0
2026-04-01,Alnus (ольха),древесные,16.0,24.0,68.0,4.0
2026-04-01,Alternaria alternata,плесень,0.0,24.0,68.0,4.0
2026-04-01,Betula (берёза),древесные,0.0,24.0,68.0,4.0
2026-04-01,Cladosporium herbarum,плесень,0.0,24.0,68.0,4.0
2026-04-01,Corylus (лещина),древесные,43.0,24.0,68.0,4.0
2026-04-01,Cupressaceae (кипарисовые),древесные,37.0,24.0,68.0,4.0
2026-04-01,Curvularia lunata,плесень,0.0,24.0,68.0,4.0
2026-04-01,Cyperaceae (осоковые),травы,31.0,24.0,68.0,4.0
2026-04-01,Fagus (бук),древесные,0.0,24.0,68.0,4.0
2026-04-01,Picea (ель),древесные,0.0,24.0,68.0,4.0
2026-04-01,Plantago (подорожник),травы,0.0,24.0,68.0,4.0
2026-04-01,Platanus (платан),древесные,0.0,24.0,68.0,4.0
2026-04-01,Poaceae (злаковые),травы,15.0,24.0,68.0,4.0
2026-04-01,Populus (тополь),древесные,0.0,24.0,68.0,4.0
2026-04-01,Salix (ива),древесные,12.0,24.0,68.0,4.0
2026-04-01,Taraxacum (одуванчик),травы,0.0,24.0,68.0,4.0
2026-04-01,Ulmus (вяз),древесные,173.0,24.0,68.0,4.0
2026-04-02,Alnus (ольха),древесные,6.0,24.0,67.0,3.4
2026-04-02,Alternaria alternata,плесень,0.0,24.0,67.0,3.4
2026-04-02,Betula (берёза),древесные,0.0,24.0,67.0,3.4
2026-04-02,Cladosporium herbarum,плесень,0.0,24.0,67.0,3.4
2026-04-02,Corylus (лещина),древесные,44.0,24.0,67.0,3.4
2026-04-02,Cupressaceae (кипарисовые),древесные,34.0,24.0,67.0,3.4
2026-04-02,Curvularia lunata,плесень,0.0,24.0,67.0,3.4
2026-04-02,Cyperaceae (осоковые),травы,37.0,24.0,67.0,3.4
2026-04-02,Fagus (бук),древесные,0.0,24.0,67.0,3.4
2026-04-02,Picea (ель),древесные,0.0,24.0,67.0,3.4
2026-04-02,Plantago (подорожник),травы,0.0,24.0,67.0,3.4
2026-04-02,Platanus (платан),древесные,0.0,24.0,67.0,3.4
2026-04-02,Poaceae (злаковые),травы,9.0,24.0,67.0,3.4
2026-04-02,Populus (тополь),древесные,0.0,24.0,67.0,3.4
2026-04-02,Salix (ива),древесные,12.0,24.0,67.0,3.4
2026-04-02,Taraxacum (одуванчик),травы,0.0,24.0,67.0,3.4
2026-04-02,Ulmus (вяз),древесные,180.0,24.0,67.0,3.4
2026-04-03,Alnus (ольха),древесные,5.0,25.0,65.0,3.7
2026-04-03,Alternaria alternata,плесень,15.0,25.0,65.0,3.7
2026-04-03,Betula (берёза),древесные,15.0,25.0,65.0,3.7
2026-04-03,Cladosporium herbarum,плесень,5.0,25.0,65.0,3.7
2026-04-03,Corylus (лещина),древесные,90.0,25.0,65.0,3.7
2026-04-03,Cupressaceae (кипарисовые),древесные,34.0,25.0,65.0,3.7
2026-04-03,Curvularia lunata,плесень,3.0,25.0,65.0,3.7
2026-04-03,Cyperaceae (осоковые),травы,18.0,25.0,65.0,3.7
2026-04-03,Fagus (бук),древесные,0.0,25.0,65.0,3.7
2026-04-03,Picea (ель),древесные,0.0,25.0,65.0,3.7
2026-04-03,Plantago (подорожник),травы,2.0,25.0,65.0,3.7
2026-04-03,Platanus (платан),древесные,23.0,25.0,65.0,3.7
2026-04-03,Poaceae (злаковые),травы,7.0,25.0,65.0,3.7
2026-04-03,Populus (тополь),древесные,0.0,25.0,65.0,3.7
2026-04-03,Salix (ива),древесные,17.0,25.0,65.0,3.7
2026-04-03,Taraxacum (одуванчик),травы,0.0,25.0,65.0,3.7
2026-04-03,Ulmus (вяз),древесные,124.0,25.0,65.0,3.7
2026-04-04,Alnus (ольха),древесные,10.0,24.0,63.0,3.5
2026-04-04,Alternaria alternata,плесень,18.0,24.0,63.0,3.5
2026-04-04,Betula (берёза),древесные,17.0,24.0,63.0,3.5
2026-04-04,Cladosporium herbarum,плесень,3.0,24.0,63.0,3.5
2026-04-04,Corylus (лещина),древесные,96.0,24.0,63.0,3.5
2026-04-04,Cupressaceae (кипарисовые),древесные,55.0,24.0,63.0,3.5
2026-04-04,Curvularia lunata,плесень,2.0,24.0,63.0,3.5
2026-04-04,Cyperaceae (осоковые),травы,46.0,24.0,63.0,3.5
2026-04-04,Fagus (бук),древесные,0.0,24.0,63.0,3.5
2026-04-04,Picea (ель),древесные,0.0,24.0,63.0,3.5
2026-04-04,Plantago (подорожник),травы,0.0,24.0,63.0,3.5
2026-04-04,Platanus (платан),древесные,31.0,24.0,63.0,3.5
2026-04-04,Poaceae (злаковые),травы,22.0,24.0,63.0,3.5
2026-04-04,Populus (тополь),древесные,0.0,24.0,63.0,3.5
2026-04-04,Salix (ива),древесные,13.0,24.0,63.0,3.5
2026-04-04,Taraxacum (одуванчик),травы,0.0,24.0,63.0,3.5
2026-04-04,Ulmus (вяз),древесные,142.0,24.0,63.0,3.5
2026-04-05,Alnus (ольха),древесные,13.0,21.0,63.0,3.7
2026-04-05,Alternaria alternata,плесень,14.0,21.0,63.0,3.7
2026-04-05,Betula (берёза),древесные,21.0,21.0,63.0,3.7
2026-04-05,Cladosporium herbarum,плесень,6.0,21.0,63.0,3.7
2026-04-05,Corylus (лещина),древесные,115.0,21.0,63.0,3.7
2026-04-05,Cupressaceae (кипарисовые),древесные,46.0,21.0,63.0,3.7
2026-04-05,Curvularia lunata,плесень,2.0,21.0,63.0,3.7
2026-04-05,Cyperaceae (осоковые),травы,48.0,21.0,63.0,3.7
2026-04-05,Fagus (бук),древесные,0.0,21.0,63.0,3.7
2026-04-05,Picea (ель),древесные,0.0,21.0,63.0,3.7
2026-04-05,Plantago (подорожник),травы,0.0,21.0,63.0,3.7
2026-04-05,Platanus (платан),древесные,15.0,21.0,63.0,3.7
2026-04-05,Poaceae (злаковые),травы,31.0,21.0,63.0,3.7
2026-04-05,Populus (тополь),древесные,0.0,21.0,63.0,3.7
2026-04-05,Salix (ива),древесные,9.0,21.0,63.0,3.7
2026-04-05,Taraxacum (одуванчик),травы,0.0,21.0,63.0,3.7
2026-04-05,Ulmus (вяз),древесные,167.0,21.0,63.0,3.7
2026-04-06,Alnus (ольха),древесные,5.0,17.0,66.0,4.1
2026-04-06,Alternaria alternata,плесень,9.0,17.0,66.0,4.1
2026-04-06,Betula (берёза),древесные,210.0,17.0,66.0,4.1
2026-04-06,Cladosporium herbarum,плесень,6.0,17.0,66.0,4.1
2026-04-06,Corylus (лещина),древесные,42.0,17.0,66.0,4.1
2026-04-06,Cupressaceae (кипарисовые),древесные,43.0,17.0,66.0,4.1
2026-04-06,Curvularia lunata,плесень,11.0,17.0,66.0,4.1
2026-04-06,Cyperaceae (осоковые),травы,45.0,17.0,66.0,4.1
2026-04-06,Plantago (подорожник),травы,0.0,17.0,66.0,4.1
2026-04-06,Platanus (платан),древесные,18.0,17.0,66.0,4.1
2026-04-06,Poaceae (злаковые),травы,18.0,17.0,66.0,4.1
2026-04-06,Populus (тополь),древесные,41.0,17.0,66.0,4.1
2026-04-06,Quercus (дуб),древесные,37.0,17.0,66.0,4.1
2026-04-06,Salix (ива),древесные,34.0,17.0,66.0,4.1
2026-04-06,Ulmus (вяз),древесные,114.0,17.0,66.0,4.1
2026-04-07,Alnus (ольха),древесные,3.0,15.0,70.0,4.0
2026-04-07,Alternaria alternata,плесень,12.0,15.0,70.0,4.0
2026-04-07,Betula (берёза),древесные,124.0,15.0,70.0,4.0
2026-04-07,Cladosporium herbarum,плесень,4.0,15.0,70.0,4.0
2026-04-07,Corylus (лещина),древесные,31.0,15.0,70.0,4.0
2026-04-07,Cupressaceae (кипарисовые),древесные,37.0,15.0,70.0,4.0
2026-04-07,Curvularia lunata,плесень,9.0,15.0,70.0,4.0
2026-04-07,Cyperaceae (осоковые),травы,74.0,15.0,70.0,4.0
2026-04-07,Plantago (подорожник),травы,0.0,15.0,70.0,4.0
2026-04-07,Platanus (платан),древесные,22.0,15.0,70.0,4.0
2026-04-07,Poaceae (злаковые),травы,31.0,15.0,70.0,4.0
2026-04-07,Populus (тополь),древесные,43.0,15.0,70.0,4.0
2026-04-07,Quercus (дуб),древесные,71.0,15.0,70.0,4.0
2026-04-07,Salix (ива),древесные,25.0,15.0,70.0,4.0
2026-04-07,Ulmus (вяз),древесные,173.0,15.0,70.0,4.0
2026-04-08,Alnus (ольха),древесные,1.0,16.0,66.0,3.4
2026-04-08,Alternaria alternata,плесень,14.0,16.0,66.0,3.4
2026-04-08,Betula (берёза),древесные,70.0,16.0,66.0,3.4
2026-04-08,Cladosporium herbarum,плесень,10.0,16.0,66.0,3.4
2026-04-08,Corylus (лещина),древесные,8.0,16.0,66.0,3.4
2026-04-08,Cupressaceae (кипарисовые),древесные,22.0,16.0,66.0,3.4
2026-04-08,Curvularia lunata,плесень,12.0,16.0,66.0,3.4
2026-04-08,Cyperaceae (осоковые),травы,27.0,16.0,66.0,3.4
2026-04-08,Plantago (подорожник),травы,8.0,16.0,66.0,3.4
2026-04-08,Platanus (платан),древесные,9.0,16.0,66.0,3.4
2026-04-08,Poaceae (злаковые),травы,9.0,16.0,66.0,3.4
2026-04-08,Populus (тополь),древесные,7.0,16.0,66.0,3.4
2026-04-08,Quercus (дуб),древесные,31.0,16.0,66.0,3.4
2026-04-08,Salix (ива),древесные,12.0,16.0,66.0,3.4
2026-04-08,Ulmus (вяз),древесные,88.0,16.0,66.0,3.4
2026-04-09,Alnus (ольха),древесные,0.0,16.0,63.0,3.7
2026-04-09,Alternaria alternata,плесень,20.0,16.0,63.0,3.7
2026-04-09,Betula (берёза),древесные,5.0,16.0,63.0,3.7
2026-04-09,Cladosporium herbarum,плесень,31.0,16.0,63.0,3.7
2026-04-09,Corylus (лещина),древесные,0.0,16.0,63.0,3.7
2026-04-09,Cupressaceae (кипарисовые),древесные,1.0,16.0,63.0,3.7
2026-04-09,Curvularia lunata,плесень,37.0,16.0,63.0,3.7
2026-04-09,Cyperaceae (осоковые),травы,7.0,16.0,63.0,3.7
2026-04-09,Plantago (подорожник),травы,0.0,16.0,63.0,3.7
2026-04-09,Platanus (платан),древесные,2.0,16.0,63.0,3.7
2026-04-09,Poaceae (злаковые),травы,0.0,16.0,63.0,3.7
2026-04-09,Populus (тополь),древесные,0.0,16.0,63.0,3.7
2026-04-09,Quercus (дуб),древесные,12.0,16.0,63.0,3.7
2026-04-09,Salix (ива),древесные,0.0,16.0,63.0,3.7
2026-04-09,Ulmus (вяз),древесные,12.0,16.0,63.0,3.7
2026-04-10,Alnus (ольха),древесные,0.0,18.0,61.0,3.7
2026-04-10,Alternaria alternata,плесень,17.0,18.0,61.0,3.7
2026-04-10,Betula (берёза),древесные,47.0,18.0,61.0,3.7
2026-04-10,Cladosporium herbarum,плесень,20.0,18.0,61.0,3.7
2026-04-10,Corylus (лещина),древесные,0.0,18.0,61.0,3.7
2026-04-10,Cupressaceae (кипарисовые),древесные,24.0,18.0,61.0,3.7
2026-04-10,Curvularia lunata,плесень,14.0,18.0,61.0,3.7
2026-04-10,Cyperaceae (осоковые),травы,22.0,18.0,61.0,3.7
2026-04-10,Plantago (подорожник),травы,3.0,18.0,61.0,3.7
2026-04-10,Platanus (платан),древесные,74.0,18.0,61.0,3.7
2026-04-10,Poaceae (злаковые),травы,25.0,18.0,61.0,3.7
2026-04-10,Populus (тополь),древесные,105.0,18.0,61.0,3.7
2026-04-10,Quercus (дуб),древесные,62.0,18.0,61.0,3.7
2026-04-10,Salix (ива),древесные,9.0,18.0,61.0,3.7
2026-04-10,Ulmus (вяз),древесные,77.0,18.0,61.0,3.7
2026-04-11,Alnus (ольха),древесные,10.0,18.0,62.0,4.0
2026-04-11,Alternaria alternata,плесень,20.0,18.0,62.0,4.0
2026-04-11,Betula (берёза),древесные,80.0,18.0,62.0,4.0
2026-04-11,Cladosporium herbarum,плесень,34.0,18.0,62.0,4.0
2026-04-11,Corylus (лещина),древесные,12.0,18.0,62.0,4.0
2026-04-11,Cupressaceae (кипарисовые),древесные,9.0,18.0,62.0,4.0
2026-04-11,Curvularia lunata,плесень,26.0,18.0,62.0,4.0
2026-04-11,Cyperaceae (осоковые),травы,31.0,18.0,62.0,4.0
2026-04-11,Plantago (подорожник),травы,0.0,18.0,62.0,4.0
2026-04-11,Platanus (платан),древесные,40.0,18.0,62.0,4.0
2026-04-11,Poaceae (злаковые),травы,15.0,18.0,62.0,4.0
2026-04-11,Populus (тополь),древесные,49.0,18.0,62.0,4.0
2026-04-11,Quercus (дуб),древесные,46.0,18.0,62.0,4.0
2026-04-11,Salix (ива),древесные,13.0,18.0,62.0,4.0
2026-04-11,Ulmus (вяз),древесные,69.0,18.0,62.0,4.0
2026-04-12,Alnus (ольха),древесные,0.0,19.0,63.0,3.5
2026-04-12,Alternaria alternata,плесень,28.0,19.0,63.0,3.5
2026-04-12,Betula (берёза),древесные,53.0,19.0,63.0,3.5
2026-04-12,Cladosporium herbarum,плесень,37.0,19.0,63.0,3.5
2026-04-12,Corylus (лещина),древесные,0.0,19.0,63.0,3.5
2026-04-12,Cupressaceae (кипарисовые),древесные,5.0,19.0,63.0,3.5
2026-04-12,Curvularia lunata,плесень,29.0,19.0,63.0,3.5
2026-04-12,Cyperaceae (осоковые),травы,0.0,19.0,63.0,3.5
2026-04-12,Plantago (подорожник),травы,0.0,19.0,63.0,3.5
2026-04-12,Platanus (платан),древесные,22.0,19.0,63.0,3.5
2026-04-12,Poaceae (злаковые),травы,8.0,19.0,63.0,3.5
2026-04-12,Populus (тополь),древесные,105.0,19.0,63.0,3.5
2026-04-12,Quercus (дуб),древесные,25.0,19.0,63.0,3.5
2026-04-12,Salix (ива),древесные,5.0,19.0,63.0,3.5
2026-04-12,Ulmus (вяз),древесные,56.0,19.0,63.0,3.5
2026-04-13,Alternaria alternata,плесень,30.0,20.0,62.0,3.2
2026-04-13,Betula (берёза),древесные,248.0,20.0,62.0,3.2
2026-04-13,Cladosporium herbarum,плесень,35.0,20.0,62.0,3.2
2026-04-13,Corylus (лещина),древесные,23.0,20.0,62.0,3.2
2026-04-13,Cupressaceae (кипарисовые),древесные,40.0,20.0,62.0,3.2
2026-04-13,Curvularia lunata,плесень,15.0,20.0,62.0,3.2
2026-04-13,Cyperaceae (осоковые),травы,65.0,20.0,62.0,3.2
2026-04-13,Fagus (бук),древесные,0.0,20.0,62.0,3.2
2026-04-13,Juglans (грецкий орех),древесные,1.0,20.0,62.0,3.2
2026-04-13,Picea (ель),древесные,3.0,20.0,62.0,3.2
2026-04-13,Pinus (сосна),древесные,3.0,20.0,62.0,3.2
2026-04-13,Plantago (подорожник),травы,4.0,20.0,62.0,3.2
2026-04-13,Platanus (платан),древесные,33.0,20.0,62.0,3.2
2026-04-13,Poaceae (злаковые),травы,17.0,20.0,62.0,3.2
2026-04-13,Populus (тополь),древесные,149.0,20.0,62.0,3.2
2026-04-13,Quercus (дуб),древесные,71.0,20.0,62.0,3.2
2026-04-13,Salix (ива),древесные,40.0,20.0,62.0,3.2
2026-04-13,Tilia (липа),древесные,2.0,20.0,62.0,3.2
2026-04-13,Ulmus (вяз),древесные,90.0,20.0,62.0,3.2
2026-04-13,Urticaceae (крапивные),травы,18.0,20.0,62.0,3.2
2026-04-14,Alternaria alternata,плесень,34.0,20.0,65.0,3.7
2026-04-14,Betula (берёза),древесные,121.0,20.0,65.0,3.7
2026-04-14,Cladosporium herbarum,плесень,28.0,20.0,65.0,3.7
2026-04-14,Corylus (лещина),древесные,12.0,20.0,65.0,3.7
2026-04-14,Cupressaceae (кипарисовые),древесные,6.0,20.0,65.0,3.7
2026-04-14,Curvularia lunata,плесень,17.0,20.0,65.0,3.7
2026-04-14,Cyperaceae (осоковые),травы,28.0,20.0,65.0,3.7
2026-04-14,Fagus (бук),древесные,5.0,20.0,65.0,3.7
2026-04-14,Juglans (грецкий орех),древесные,1.0,20.0,65.0,3.7
2026-04-14,Picea (ель),древесные,3.0,20.0,65.0,3.7
2026-04-14,Pinus (сосна),древесные,4.0,20.0,65.0,3.7
2026-04-14,Plantago (подорожник),травы,1.0,20.0,65.0,3.7
2026-04-14,Platanus (платан),древесные,29.0,20.0,65.0,3.7
2026-04-14,Poaceae (злаковые),травы,7.0,20.0,65.0,3.7
2026-04-14,Populus (тополь),древесные,74.0,20.0,65.0,3.7
2026-04-14,Quercus (дуб),древесные,46.0,20.0,65.0,3.7
2026-04-14,Salix (ива),древесные,18.0,20.0,65.0,3.7
2026-04-14,Tilia (липа),древесные,0.0,20.0,65.0,3.7
2026-04-14,Ulmus (вяз),древесные,28.0,20.0,65.0,3.7
2026-04-14,Urticaceae (крапивные),травы,9.0,20.0,65.0,3.7
2026-04-15,Alternaria alternata,плесень,40.0,19.0,66.0,4.0
2026-04-15,Betula (берёза),древесные,96.0,19.0,66.0,4.0
2026-04-15,Cladosporium herbarum,плесень,33.0,19.0,66.0,4.0
2026-04-15,Corylus (лещина),древесные,6.0,19.0,66.0,4.0
2026-04-15,Cupressaceae (кипарисовые),древесные,22.0,19.0,66.0,4.0
2026-04-15,Curvularia lunata,плесень,21.0,19.0,66.0,4.0
2026-04-15,Cyperaceae (осоковые),травы,15.0,19.0,66.0,4.0
2026-04-15,Fagus (бук),древесные,15.0,19.0,66.0,4.0
2026-04-15,Juglans (грецкий орех),древесные,5.0,19.0,66.0,4.0
2026-04-15,Picea (ель),древесные,5.0,19.0,66.0,4.0
2026-04-15,Pinus (сосна),древесные,8.0,19.0,66.0,4.0
2026-04-15,Plantago (подорожник),травы,41.0,19.0,66.0,4.0
2026-04-15,Platanus (платан),древесные,28.0,19.0,66.0,4.0
2026-04-15,Poaceae (злаковые),травы,34.0,19.0,66.0,4.0
2026-04-15,Populus (тополь),древесные,46.0,19.0,66.0,4.0
2026-04-15,Quercus (дуб),древесные,33.0,19.0,66.0,4.0
2026-04-15,Salix (ива),древесные,18.0,19.0,66.0,4.0
2026-04-15,Tilia (липа),древесные,0.0,19.0,66.0,4.0
2026-04-15,Ulmus (вяз),древесные,37.0,19.0,66.0,4.0
2026-04-15,Urticaceae (крапивные),травы,10.0,19.0,66.0,4.0
2026-04-16,Alternaria alternata,плесень,27.0,13.0,66.0,3.5
2026-04-16,Betula (берёза),древесные,10.0,13.0,66.0,3.5
2026-04-16,Cladosporium herbarum,плесень,24.0,13.0,66.0,3.5
2026-04-16,Corylus (лещина),древесные,0.0,13.0,66.0,3.5
2026-04-16,Cupressaceae (кипарисовые),древесные,0.0,13.0,66.0,3.5
2026-04-16,Curvularia lunata,плесень,11.0,13.0,66.0,3.5
2026-04-16,Cyperaceae (осоковые),травы,0.0,13.0,66.0,3.5
2026-04-16,Fagus (бук),древесные,0.0,13.0,66.0,3.5
2026-04-16,Juglans (грецкий орех),древесные,0.0,13.0,66.0,3.5
2026-04-16,Picea (ель),древесные,0.0,13.0,66.0,3.5
2026-04-16,Pinus (сосна),древесные,0.0,13.0,66.0,3.5
2026-04-16,Plantago (подорожник),травы,7.0,13.0,66.0,3.5
2026-04-16,Platanus (платан),древесные,4.0,13.0,66.0,3.5
2026-04-16,Poaceae (злаковые),травы,0.0,13.0,66.0,3.5
2026-04-16,Populus (тополь),древесные,2.0,13.0,66.0,3.5
2026-04-16,Quercus (дуб),древесные,6.0,13.0,66.0,3.5
2026-04-16,Salix (ива),древесные,0.0,13.0,66.0,3.5
2026-04-16,Tilia (липа),древесные,0.0,13.0,66.0,3.5
2026-04-16,Ulmus (вяз),древесные,3.0,13.0,66.0,3.5
2026-04-16,Urticaceae (крапивные),травы,0.0,13.0,66.0,3.5
2026-04-17,Alternaria alternata,плесень,18.0,9.0,67.0,3.7
2026-04-17,Betula (берёза),древесные,16.0,9.0,67.0,3.7
2026-04-17,Cladosporium herbarum,плесень,14.0,9.0,67.0,3.7
2026-04-17,Corylus (лещина),древесные,0.0,9.0,67.0,3.7
2026-04-17,Cupressaceae (кипарисовые),древесные,0.0,9.0,67.0,3.7
2026-04-17,Curvularia lunata,плесень,20.0,9.0,67.0,3.7
2026-04-17,Cyperaceae (осоковые),травы,6.0,9.0,67.0,3.7
2026-04-17,Fagus (бук),древесные,0.0,9.0,67.0,3.7
2026-04-17,Juglans (грецкий орех),древесные,0.0,9.0,67.0,3.7
2026-04-17,Picea (ель),древесные,1.0,9.0,67.0,3.7
2026-04-17,Pinus (сосна),древесные,2.0,9.0,67.0,3.7
2026-04-17,Plantago (подорожник),травы,0.0,9.0,67.0,3.7
2026-04-17,Platanus (платан),древесные,0.0,9.0,67.0,3.7
2026-04-17,Poaceae (злаковые),травы,1.0,9.0,67.0,3.7
2026-04-17,Populus (тополь),древесные,12.0,9.0,67.0,3.7
2026-04-17,Quercus (дуб),древесные,5.0,9.0,67.0,3.7
2026-04-17,Salix (ива),древесные,0.0,9.0,67.0,3.7
2026-04-17,Tilia (липа),древесные,0.0,9.0,67.0,3.7
2026-04-17,Ulmus (вяз),древесные,4.0,9.0,67.0,3.7
2026-04-17,Urticaceae (крапивные),травы,0.0,9.0,67.0,3.7
2026-04-18,Alternaria alternata,плесень,24.0,12.0,63.0,3.9
2026-04-18,Betula (берёза),древесные,18.0,12.0,63.0,3.9
2026-04-18,Cladosporium herbarum,плесень,19.0,12.0,63.0,3.9
2026-04-18,Corylus (лещина),древесные,6.0,12.0,63.0,3.9
2026-04-18,Cupressaceae (кипарисовые),древесные,1.0,12.0,63.0,3.9
2026-04-18,Curvularia lunata,плесень,26.0,12.0,63.0,3.9
2026-04-18,Cyperaceae (осоковые),травы,0.0,12.0,63.0,3.9
2026-04-18,Fagus (бук),древесные,0.0,12.0,63.0,3.9
2026-04-18,Juglans (грецкий орех),древесные,0.0,12.0,63.0,3.9
2026-04-18,Picea (ель),древесные,0.0,12.0,63.0,3.9
2026-04-18,Pinus (сосна),древесные,0.0,12.0,63.0,3.9
2026-04-18,Plantago (подорожник),травы,0.0,12.0,63.0,3.9
2026-04-18,Platanus (платан),древесные,1.0,12.0,63.0,3.9
2026-04-18,Poaceae (злаковые),травы,0.0,12.0,63.0,3.9
2026-04-18,Populus (тополь),древесные,9.0,12.0,63.0,3.9
2026-04-18,Quercus (дуб),древесные,1.0,12.0,63.0,3.9
2026-04-18,Salix (ива),древесные,4.0,12.0,63.0,3.9
2026-04-18,Tilia (липа),древесные,0.0,12.0,63.0,3.9
2026-04-18,Ulmus (вяз),древесные,7.0,12.0,63.0,3.9
2026-04-18,Urticaceae (крапивные),травы,0.0,12.0,63.0,3.9
2026-04-19,Alternaria alternata,плесень,27.0,16.0,61.0,3.7
2026-04-19,Betula (берёза),древесные,59.0,16.0,61.0,3.7
2026-04-19,Cladosporium herbarum,плесень,29.0,16.0,61.0,3.7
2026-04-19,Corylus (лещина),древесные,4.0,16.0,61.0,3.7
2026-04-19,Cupressaceae (кипарисовые),древесные,0.0,16.0,61.0,3.7
2026-04-19,Curvularia lunata,плесень,30.0,16.0,61.0,3.7
2026-04-19,Cyperaceae (осоковые),травы,35.0,16.0,61.0,3.7
2026-04-19,Fagus (бук),древесные,0.0,16.0,61.0,3.7
2026-04-19,Juglans (грецкий орех),древесные,0.0,16.0,61.0,3.7
2026-04-19,Picea (ель),древесные,3.0,16.0,61.0,3.7
2026-04-19,Pinus (сосна),древесные,10.0,16.0,61.0,3.7
2026-04-19,Plantago (подорожник),травы,0.0,16.0,61.0,3.7
2026-04-19,Platanus (платан),древесные,5.0,16.0,61.0,3.7
2026-04-19,Poaceae (злаковые),травы,0.0,16.0,61.0,3.7
2026-04-19,Populus (тополь),древесные,34.0,16.0,61.0,3.7
2026-04-19,Quercus (дуб),древесные,8.0,16.0,61.0,3.7
2026-04-19,Salix (ива),древесные,5.0,16.0,61.0,3.7
2026-04-19,Tilia (липа),древесные,0.0,16.0,61.0,3.7
2026-04-19,Ulmus (вяз),древесные,8.0,16.0,61.0,3.7
2026-04-19,Urticaceae (крапивные),травы,0.0,16.0,61.0,3.7
2026-04-20,Alternaria alternata,плесень,10.0,19.0,62.0,3.5
2026-04-20,Betula (берёза),древесные,53.0,19.0,62.0,3.5
2026-04-20,Cladosporium herbarum,плесень,33.0,19.0,62.0,3.5
2026-04-20,Cupressaceae (кипарисовые),древесные,0.0,19.0,62.0,3.5
2026-04-20,Curvularia lunata,плесень,12.0,19.0,62.0,3.5
2026-04-20,Cyperaceae (осоковые),травы,12.0,19.0,62.0,3.5
2026-04-20,Juglans (грецкий орех),древесные,0.0,19.0,62.0,3.5
2026-04-20,Onobrychis (эспарцет),травы,0.0,19.0,62.0,3.5
2026-04-20,Picea (ель),древесные,5.0,19.0,62.0,3.5
2026-04-20,Pinus (сосна),древесные,6.0,19.0,62.0,3.5
2026-04-20,Plantago (подорожник),травы,0.0,19.0,62.0,3.5
2026-04-20,Platanus (платан),древесные,1.0,19.0,62.0,3.5
2026-04-20,Poaceae (злаковые),травы,49.0,19.0,62.0,3.5
2026-04-20,Populus (тополь),древесные,3.0,19.0,62.0,3.5
2026-04-20,Quercus (дуб),древесные,4.0,19.0,62.0,3.5
2026-04-20,Ulmus (вяз),древесные,15.0,19.0,62.0,3.5
2026-04-21,Alternaria alternata,плесень,12.0,20.0,63.0,4.0
2026-04-21,Betula (берёза),древесные,182.0,20.0,63.0,4.0
2026-04-21,Cladosporium herbarum,плесень,37.0,20.0,63.0,4.0
2026-04-21,Cupressaceae (кипарисовые),древесные,0.0,20.0,63.0,4.0
2026-04-21,Curvularia lunata,плесень,10.0,20.0,63.0,4.0
2026-04-21,Cyperaceae (осоковые),травы,10.0,20.0,63.0,4.0
2026-04-21,Juglans (грецкий орех),древесные,0.0,20.0,63.0,4.0
2026-04-21,Onobrychis (эспарцет),травы,0.0,20.0,63.0,4.0
2026-04-21,Picea (ель),древесные,4.0,20.0,63.0,4.0
2026-04-21,Pinus (сосна),древесные,3.0,20.0,63.0,4.0
2026-04-21,Plantago (подорожник),травы,0.0,20.0,63.0,4.0
2026-04-21,Platanus (платан),древесные,0.0,20.0,63.0,4.0
2026-04-21,Poaceae (злаковые),травы,95.0,20.0,63.0,4.0
2026-04-21,Populus (тополь),древесные,0.0,20.0,63.0,4.0
2026-04-21,Quercus (дуб),древесные,0.0,20.0,63.0,4.0
2026-04-21,Ulmus (вяз),древесные,0.0,20.0,63.0,4.0
2026-04-22,Alternaria alternata,плесень,9.0,19.0,61.0,3.7
2026-04-22,Betula (берёза),древесные,136.0,19.0,61.0,3.7
2026-04-22,Cladosporium herbarum,плесень,30.0,19.0,61.0,3.7
2026-04-22,Cupressaceae (кипарисовые),древесные,0.0,19.0,61.0,3.7
2026-04-22,Curvularia lunata,плесень,13.0,19.0,61.0,3.7
2026-04-22,Cyperaceae (осоковые),травы,18.0,19.0,61.0,3.7
2026-04-22,Juglans (грецкий орех),древесные,0.0,19.0,61.0,3.7
2026-04-22,Onobrychis (эспарцет),травы,15.0,19.0,61.0,3.7
2026-04-22,Picea (ель),древесные,10.0,19.0,61.0,3.7
2026-04-22,Pinus (сосна),древесные,6.0,19.0,61.0,3.7
2026-04-22,Plantago (подорожник),травы,0.0,19.0,61.0,3.7
2026-04-22,Platanus (платан),древесные,0.0,19.0,61.0,3.7
2026-04-22,Poaceae (злаковые),травы,56.0,19.0,61.0,3.7
2026-04-22,Populus (тополь),древесные,14.0,19.0,61.0,3.7
2026-04-22,Quercus (дуб),древесные,8.0,19.0,61.0,3.7
2026-04-22,Ulmus (вяз),древесные,16.0,19.0,61.0,3.7
2026-04-23,Alternaria alternata,плесень,12.0,20.0,62.0,3.5
2026-04-23,Betula (берёза),древесные,87.0,20.0,62.0,3.5
2026-04-23,Cladosporium herbarum,плесень,37.0,20.0,62.0,3.5
2026-04-23,Cupressaceae (кипарисовые),древесные,2.0,20.0,62.0,3.5
2026-04-23,Curvularia lunata,плесень,60.0,20.0,62.0,3.5
2026-04-23,Cyperaceae (осоковые),травы,0.0,20.0,62.0,3.5
2026-04-23,Juglans (грецкий орех),древесные,0.0,20.0,62.0,3.5
2026-04-23,Onobrychis (эспарцет),травы,0.0,20.0,62.0,3.5
2026-04-23,Picea (ель),древесные,4.0,20.0,62.0,3.5
2026-04-23,Pinus (сосна),древесные,3.0,20.0,62.0,3.5
2026-04-23,Plantago (подорожник),травы,0.0,20.0,62.0,3.5
2026-04-23,Platanus (платан),древесные,0.0,20.0,62.0,3.5
2026-04-23,Poaceae (злаковые),травы,40.0,20.0,62.0,3.5
2026-04-23,Populus (тополь),древесные,0.0,20.0,62.0,3.5
2026-04-23,Quercus (дуб),древесные,0.0,20.0,62.0,3.5
2026-04-23,Ulmus (вяз),древесные,3.0,20.0,62.0,3.5
2026-04-24,Alternaria alternata,плесень,20.0,19.0,64.0,4.0
2026-04-24,Betula (берёза),древесные,65.0,19.0,64.0,4.0
2026-04-24,Cladosporium herbarum,плесень,72.0,19.0,64.0,4.0
2026-04-24,Cupressaceae (кипарисовые),древесные,0.0,19.0,64.0,4.0
2026-04-24,Curvularia lunata,плесень,41.0,19.0,64.0,4.0
2026-04-24,Cyperaceae (осоковые),травы,6.0,19.0,64.0,4.0
2026-04-24,Juglans (грецкий орех),древесные,0.0,19.0,64.0,4.0
2026-04-24,Onobrychis (эспарцет),травы,0.0,19.0,64.0,4.0
2026-04-24,Picea (ель),древесные,12.0,19.0,64.0,4.0
2026-04-24,Pinus (сосна),древесные,43.0,19.0,64.0,4.0
2026-04-24,Plantago (подорожник),травы,0.0,19.0,64.0,4.0
2026-04-24,Platanus (платан),древесные,3.0,19.0,64.0,4.0
2026-04-24,Poaceae (злаковые),травы,90.0,19.0,64.0,4.0
2026-04-24,Populus (тополь),древесные,0.0,19.0,64.0,4.0
2026-04-24,Quercus (дуб),древесные,0.0,19.0,64.0,4.0
2026-04-24,Ulmus (вяз),древесные,0.0,19.0,64.0,4.0
2026-04-25,Alternaria alternata,плесень,16.0,21.0,64.0,3.7
2026-04-25,Betula (берёза),древесные,183.0,21.0,64.0,3.7
2026-04-25,Cladosporium herbarum,плесень,40.0,21.0,64.0,3.7
2026-04-25,Cupressaceae (кипарисовые),древесные,8.0,21.0,64.0,3.7
2026-04-25,Curvularia lunata,плесень,27.0,21.0,64.0,3.7
2026-04-25,Cyperaceae (осоковые),травы,9.0,21.0,64.0,3.7
2026-04-25,Juglans (грецкий орех),древесные,1.0,21.0,64.0,3.7
2026-04-25,Onobrychis (эспарцет),травы,0.0,21.0,64.0,3.7
2026-04-25,Picea (ель),древесные,9.0,21.0,64.0,3.7
2026-04-25,Pinus (сосна),древесные,167.0,21.0,64.0,3.7
2026-04-25,Plantago (подорожник),травы,0.0,21.0,64.0,3.7
2026-04-25,Platanus (платан),древесные,5.0,21.0,64.0,3.7
2026-04-25,Poaceae (злаковые),травы,28.0,21.0,64.0,3.7
2026-04-25,Populus (тополь),древесные,0.0,21.0,64.0,3.7
2026-04-25,Quercus (дуб),древесные,7.0,21.0,64.0,3.7
2026-04-25,Ulmus (вяз),древесные,0.0,21.0,64.0,3.7
2026-04-26,Alternaria alternata,плесень,18.0,26.0,63.0,3.5
2026-04-26,Betula (берёза),древесные,136.0,26.0,63.0,3.5
2026-04-26,Cladosporium herbarum,плесень,33.0,26.0,63.0,3.5
2026-04-26,Cupressaceae (кипарисовые),древесные,37.0,26.0,63.0,3.5
2026-04-26,Curvularia lunata,плесень,21.0,26.0,63.0,3.5
2026-04-26,Cyperaceae (осоковые),травы,6.0,26.0,63.0,3.5
2026-04-26,Juglans (грецкий орех),древесные,3.0,26.0,63.0,3.5
2026-04-26,Onobrychis (эспарцет),травы,0.0,26.0,63.0,3.5
2026-04-26,Picea (ель),древесные,18.0,26.0,63.0,3.5
2026-04-26,Pinus (сосна),древесные,180.0,26.0,63.0,3.5
2026-04-26,Plantago (подорожник),травы,6.0,26.0,63.0,3.5
2026-04-26,Platanus (платан),древесные,0.0,26.0,63.0,3.5
2026-04-26,Poaceae (злаковые),травы,28.0,26.0,63.0,3.5
2026-04-26,Populus (тополь),древесные,12.0,26.0,63.0,3.5
2026-04-26,Quercus (дуб),древесные,0.0,26.0,63.0,3.5
2026-04-26,Ulmus (вяз),древесные,6.0,26.0,63.0,3.5
2026-04-27,Alnus (ольха),древесные,0.0,,,
2026-04-27,Alternaria alternata,плесень,0.0,,,
2026-04-27,Betula (берёза),древесные,0.0,,,
2026-04-27,Cladosporium herbarum,плесень,0.0,,,
2026-04-27,Corylus (лещина),древесные,0.0,,,
2026-04-27,Cupressaceae (кипарисовые),древесные,0.0,,,
2026-04-27,Curvularia lunata,плесень,0.0,,,
2026-04-27,Cyperaceae (осоковые),травы,0.0,,,
2026-04-27,Juglans (грецкий орех),древесные,0.0,22.0,60.0,4.1
2026-04-27,Liliaceae (лилейные),травы,3.0,22.0,60.0,4.1
2026-04-27,Onobrychis (эспарцет),травы,6.0,22.0,60.0,4.1
2026-04-27,Picea (ель),древесные,4.0,22.0,60.0,4.1
2026-04-27,Pinus (сосна),древесные,29.0,22.0,60.0,4.1
2026-04-27,Plantago (подорожник),травы,0.0,,,
2026-04-27,Platanus (платан),древесные,0.0,,,
2026-04-27,Poaceae (злаковые),травы,0.0,,,
2026-04-27,Populus (тополь),древесные,0.0,,,
2026-04-27,Quercus (дуб),древесные,0.0,,,
2026-04-27,Salix (ива),древесные,0.0,,,
2026-04-27,Ulmus (вяз),древесные,0.0,,,
2026-04-28,Alnus (ольха),древесные,0.0,,,
2026-04-28,Alternaria alternata,плесень,0.0,,,
2026-04-28,Betula (берёза),древесные,0.0,,,
2026-04-28,Cladosporium herbarum,плесень,0.0,,,
2026-04-28,Corylus (лещина),древесные,0.0,,,
2026-04-28,Cupressaceae (кипарисовые),древесные,0.0,,,
2026-04-28,Curvularia lunata,плесень,0.0,,,
2026-04-28,Cyperaceae (осоковые),травы,0.0,,,
2026-04-28,Juglans (грецкий орех),древесные,0.0,21.0,61.0,3.9
2026-04-28,Liliaceae (лилейные),травы,0.0,21.0,61.0,3.9
2026-04-28,Onobrychis (эспарцет),травы,0.0,21.0,61.0,3.9
2026-04-28,Picea (ель),древесные,15.0,21.0,61.0,3.9
2026-04-28,Pinus (сосна),древесные,124.0,21.0,61.0,3.9
2026-04-28,Plantago (подорожник),травы,0.0,,,
2026-04-28,Platanus (платан),древесные,0.0,,,
2026-04-28,Poaceae (злаковые),травы,0.0,,,
2026-04-28,Populus (тополь),древесные,0.0,,,
2026-04-28,Quercus (дуб),древесные,0.0,,,
2026-04-28,Salix (ива),древесные,0.0,,,
2026-04-28,Ulmus (вяз),древесные,0.0,,,
2026-04-29,Alnus (ольха),древесные,0.0,,,
2026-04-29,Alternaria alternata,плесень,0.0,,,
2026-04-29,Betula (берёза),древесные,0.0,,,
2026-04-29,Cladosporium herbarum,плесень,0.0,,,
2026-04-29,Corylus (лещина),древесные,0.0,,,
2026-04-29,Cupressaceae (кипарисовые),древесные,0.0,,,
2026-04-29,Curvularia lunata,плесень,0.0,,,
2026-04-29,Cyperaceae (осоковые),травы,0.0,,,
2026-04-29,Juglans (грецкий орех),древесные,0.0,25.0,61.0,3.9
2026-04-29,Liliaceae (лилейные),травы,5.0,25.0,61.0,3.9
2026-04-29,Onobrychis (эспарцет),травы,6.0,25.0,61.0,3.9
2026-04-29,Picea (ель),древесные,18.0,25.0,61.0,3.9
2026-04-29,Pinus (сосна),древесные,142.0,25.0,61.0,3.9
2026-04-29,Plantago (подорожник),травы,0.0,,,
2026-04-29,Platanus (платан),древесные,0.0,,,
2026-04-29,Poaceae (злаковые),травы,0.0,,,
2026-04-29,Populus (тополь),древесные,0.0,,,
2026-04-29,Quercus (дуб),древесные,0.0,,,
2026-04-29,Salix (ива),древесные,0.0,,,
2026-04-29,Ulmus (вяз),древесные,0.0,,,
2026-04-30,Alnus (ольха),древесные,0.0,,,
2026-04-30,Alternaria alternata,плесень,0.0,,,
2026-04-30,Betula (берёза),древесные,0.0,,,
2026-04-30,Cladosporium herbarum,плесень,0.0,,,
2026-04-30,Corylus (лещина),древесные,0.0,,,
2026-04-30,Cupressaceae (кипарисовые),древесные,0.0,,,
2026-04-30,Curvularia lunata,плесень,0.0,,,
2026-04-30,Cyperaceae (осоковые),травы,0.0,,,
2026-04-30,Juglans (грецкий орех),древесные,2.0,21.0,62.0,3.7
2026-04-30,Liliaceae (лилейные),травы,0.0,21.0,62.0,3.7
2026-04-30,Onobrychis (эспарцет),травы,0.0,21.0,62.0,3.7
2026-04-30,Picea (ель),древесные,34.0,21.0,62.0,3.7
2026-04-30,Pinus (сосна),древесные,136.0,21.0,62.0,3.7
2026-04-30,Plantago (подорожник),травы,0.0,,,
2026-04-30,Platanus (платан),древесные,0.0,,,
2026-04-30,Poaceae (злаковые),травы,0.0,,,
2026-04-30,Populus (тополь),древесные,0.0,,,
2026-04-30,Quercus (дуб),древесные,0.0,,,
2026-04-30,Salix (ива),древесные,0.0,,,
2026-04-30,Ulmus (вяз),древесные,0.0,,,
2026-05-01,Alnus (ольха),древесные,0.0,,,
2026-05-01,Alternaria alternata,плесень,0.0,,,
2026-05-01,Betula (берёза),древесные,0.0,,,
2026-05-01,Cladosporium herbarum,плесень,0.0,,,
2026-05-01,Corylus (лещина),древесные,0.0,,,
2026-05-01,Cupressaceae (кипарисовые),древесные,0.0,,,
2026-05-01,Curvularia lunata,плесень,0.0,,,
2026-05-01,Cyperaceae (осоковые),травы,0.0,,,
2026-05-01,Juglans (грецкий орех),древесные,0.0,24.0,63.0,3.9
2026-05-01,Liliaceae (лилейные),травы,0.0,24.0,63.0,3.9
2026-05-01,Onobrychis (эспарцет),травы,0.0,24.0,63.0,3.9
2026-05-01,Picea (ель),древесные,37.0,24.0,63.0,3.9
2026-05-01,Pinus (сосна),древесные,161.0,24.0,63.0,3.9
2026-05-01,Plantago (подорожник),травы,0.0,,,
2026-05-01,Platanus (платан),древесные,0.0,,,
2026-05-01,Poaceae (злаковые),травы,0.0,,,
2026-05-01,Populus (тополь),древесные,0.0,,,
2026-05-01,Quercus (дуб),древесные,0.0,,,
2026-05-01,Salix (ива),древесные,0.0,,,
2026-05-01,Ulmus (вяз),древесные,0.0,,,
2026-05-02,Alnus (ольха),древесные,0.0,,,
2026-05-02,Alternaria alternata,плесень,0.0,,,
2026-05-02,Betula (берёза),древесные,0.0,,,
2026-05-02,Cladosporium herbarum,плесень,0.0,,,
2026-05-02,Corylus (лещина),древесные,0.0,,,
2026-05-02,Cupressaceae (кипарисовые),древесные,0.0,,,
2026-05-02,Curvularia lunata,плесень,0.0,,,
2026-05-02,Cyperaceae (осоковые),травы,0.0,,,
2026-05-02,Juglans (грецкий орех),древесные,0.0,27.0,64.0,3.7
2026-05-02,Liliaceae (лилейные),травы,0.0,27.0,64.0,3.7
2026-05-02,Onobrychis (эспарцет),травы,3.0,27.0,64.0,3.7
2026-05-02,Picea (ель),древесные,25.0,27.0,64.0,3.7
2026-05-02,Pinus (сосна),древесные,99.0,27.0,64.0,3.7
2026-05-02,Plantago (подорожник),травы,0.0,,,
2026-05-02,Platanus (платан),древесные,0.0,,,
2026-05-02,Poaceae (злаковые),травы,0.0,,,
2026-05-02,Populus (тополь),древесные,0.0,,,
2026-05-02,Quercus (дуб),древесные,0.0,,,
2026-05-02,Salix (ива),древесные,0.0,,,
2026-05-02,Ulmus (вяз),древесные,0.0,,,
2026-05-03,Alnus (ольха),древесные,0.0,,,
2026-05-03,Alternaria alternata,плесень,0.0,,,
2026-05-03,Betula (берёза),древесные,0.0,,,
2026-05-03,Cladosporium herbarum,плесень,0.0,,,
2026-05-03,Corylus (лещина),древесные,0.0,,,
2026-05-03,Cupressaceae (кипарисовые),древесные,0.0,,,
2026-05-03,Curvularia lunata,плесень,0.0,,,
2026-05-03,Cyperaceae (осоковые),травы,0.0,,,
2026-05-03,Juglans (грецкий орех),древесные,0.0,22.0,62.0,3.7
2026-05-03,Liliaceae (лилейные),травы,0.0,22.0,62.0,3.7
2026-05-03,Onobrychis (эспарцет),травы,0.0,22.0,62.0,3.7
2026-05-03,Picea (ель),древесные,9.0,22.0,62.0,3.7
2026-05-03,Pinus (сосна),древесные,31.0,22.0,62.0,3.7
2026-05-03,Plantago (подорожник),травы,0.0,,,
2026-05-03,Platanus (платан),древесные,0.0,,,
2026-05-03,Poaceae (злаковые),травы,0.0,,,
2026-05-03,Populus (тополь),древесные,0.0,,,
2026-05-03,Quercus (дуб),древесные,0.0,,,
2026-05-03,Salix (ива),древесные,0.0,,,
2026-05-03,Ulmus (вяз),древесные,0.0,,,
2026-05-04,Alnus (ольха),древесные,2.0,18.0,61.0,3.2
2026-05-04,Alternaria alternata,плесень,15.0,18.0,61.0,3.2
2026-05-04,Betula (берёза),древесные,9.0,18.0,61.0,3.2
2026-05-04,Brassica (рапс),травы,0.0,18.0,61.0,3.2
2026-05-04,Cladosporium herbarum,плесень,30.0,18.0,61.0,3.2
2026-05-04,Cupressaceae (кипарисовые),древесные,0.0,18.0,61.0,3.2
2026-05-04,Curvularia lunata,плесень,13.0,18.0,61.0,3.2
2026-05-04,Cyperaceae (осоковые),травы,7.0,18.0,61.0,3.2
2026-05-04,Fagus (бук),древесные,0.0,18.0,61.0,3.2
2026-05-04,Liliaceae (лилейные),травы,0.0,18.0,61.0,3.2
2026-05-04,Picea (ель),древесные,8.0,18.0,61.0,3.2
2026-05-04,Pinus (сосна),древесные,18.0,18.0,61.0,3.2
2026-05-04,Plantago (подорожник),травы,3.0,18.0,61.0,3.2
2026-05-04,Platanus (платан),древесные,1.0,18.0,61.0,3.2
2026-05-04,Poaceae (злаковые),травы,6.0,18.0,61.0,3.2
2026-05-04,Populus (тополь),древесные,0.0,18.0,61.0,3.2
2026-05-04,Quercus (дуб),древесные,3.0,18.0,61.0,3.2
2026-05-04,Salix (ива),древесные,0.0,18.0,61.0,3.2
2026-05-04,Ulmus (вяз),древесные,0.0,18.0,61.0,3.2
2026-05-05,Alnus (ольха),древесные,0.0,23.0,57.99999999999999,3.7
2026-05-05,Alternaria alternata,плесень,32.0,23.0,57.99999999999999,3.7
2026-05-05,Betula (берёза),древесные,37.0,23.0,57.99999999999999,3.7
2026-05-05,Brassica (рапс),травы,12.0,23.0,57.99999999999999,3.7
2026-05-05,Cladosporium herbarum,плесень,28.0,23.0,57.99999999999999,3.7
2026-05-05,Cupressaceae (кипарисовые),древесные,2.0,23.0,57.99999999999999,3.7
2026-05-05,Curvularia lunata,плесень,10.0,23.0,57.99999999999999,3.7
2026-05-05,Cyperaceae (осоковые),травы,6.0,23.0,57.99999999999999,3.7
2026-05-05,Fagus (бук),древесные,0.0,23.0,57.99999999999999,3.7
2026-05-05,Liliaceae (лилейные),травы,3.0,23.0,57.99999999999999,3.7
2026-05-05,Picea (ель),древесные,18.0,23.0,57.99999999999999,3.7
2026-05-05,Pinus (сосна),древесные,37.0,23.0,57.99999999999999,3.7
2026-05-05,Plantago (подорожник),травы,0.0,23.0,57.99999999999999,3.7
2026-05-05,Platanus (платан),древесные,0.0,23.0,57.99999999999999,3.7
2026-05-05,Poaceae (злаковые),травы,53.0,23.0,57.99999999999999,3.7
2026-05-05,Populus (тополь),древесные,0.0,23.0,57.99999999999999,3.7
2026-05-05,Quercus (дуб),древесные,0.0,23.0,57.99999999999999,3.7
2026-05-05,Salix (ива),древесные,0.0,23.0,57.99999999999999,3.7
2026-05-05,Ulmus (вяз),древесные,1.0,23.0,57.99999999999999,3.7
2026-05-06,Alnus (ольха),древесные,0.0,22.0,63.0,4.1
2026-05-06,Alternaria alternata,плесень,25.0,22.0,63.0,4.1
2026-05-06,Betula (берёза),древесные,46.0,22.0,63.0,4.1
2026-05-06,Brassica (рапс),травы,0.0,22.0,63.0,4.1
2026-05-06,Cladosporium herbarum,плесень,18.0,22.0,63.0,4.1
2026-05-06,Cupressaceae (кипарисовые),древесные,1.0,22.0,63.0,4.1
2026-05-06,Curvularia lunata,плесень,15.0,22.0,63.0,4.1
2026-05-06,Cyperaceae (осоковые),травы,0.0,22.0,63.0,4.1
2026-05-06,Fagus (бук),древесные,1.0,22.0,63.0,4.1
2026-05-06,Liliaceae (лилейные),травы,0.0,22.0,63.0,4.1
2026-05-06,Picea (ель),древесные,12.0,22.0,63.0,4.1
2026-05-06,Pinus (сосна),древесные,31.0,22.0,63.0,4.1
2026-05-06,Plantago (подорожник),травы,0.0,22.0,63.0,4.1
2026-05-06,Platanus (платан),древесные,0.0,22.0,63.0,4.1
2026-05-06,Poaceae (злаковые),травы,22.0,22.0,63.0,4.1
2026-05-06,Populus (тополь),древесные,18.0,22.0,63.0,4.1
2026-05-06,Quercus (дуб),древесные,0.0,22.0,63.0,4.1
2026-05-06,Salix (ива),древесные,0.0,22.0,63.0,4.1
2026-05-06,Ulmus (вяз),древесные,0.0,22.0,63.0,4.1
2026-05-07,Alnus (ольха),древесные,0.0,23.0,60.0,3.7
2026-05-07,Alternaria alternata,плесень,16.0,23.0,60.0,3.7
2026-05-07,Betula (берёза),древесные,43.0,23.0,60.0,3.7
2026-05-07,Brassica (рапс),травы,0.0,23.0,60.0,3.7
2026-05-07,Cladosporium herbarum,плесень,22.0,23.0,60.0,3.7
2026-05-07,Cupressaceae (кипарисовые),древесные,2.0,23.0,60.0,3.7
2026-05-07,Curvularia lunata,плесень,12.0,23.0,60.0,3.7
2026-05-07,Cyperaceae (осоковые),травы,0.0,23.0,60.0,3.7
2026-05-07,Fagus (бук),древесные,0.0,23.0,60.0,3.7
2026-05-07,Liliaceae (лилейные),травы,0.0,23.0,60.0,3.7
2026-05-07,Picea (ель),древесные,13.0,23.0,60.0,3.7
2026-05-07,Pinus (сосна),древесные,34.0,23.0,60.0,3.7
2026-05-07,Plantago (подорожник),травы,0.0,23.0,60.0,3.7
2026-05-07,Platanus (платан),древесные,0.0,23.0,60.0,3.7
2026-05-07,Poaceae (злаковые),травы,31.0,23.0,60.0,3.7
2026-05-07,Populus (тополь),древесные,56.0,23.0,60.0,3.7
2026-05-07,Quercus (дуб),древесные,0.0,23.0,60.0,3.7
2026-05-07,Salix (ива),древесные,9.0,23.0,60.0,3.7
2026-05-07,Ulmus (вяз),древесные,0.0,23.0,60.0,3.7
2026-05-08,Alnus (ольха),древесные,0.0,30.0,56.00000000000001,3.2
2026-05-08,Alternaria alternata,плесень,18.0,30.0,56.00000000000001,3.2
2026-05-08,Betula (берёза),древесные,25.0,30.0,56.00000000000001,3.2
2026-05-08,Brassica (рапс),травы,6.0,30.0,56.00000000000001,3.2
2026-05-08,Cladosporium herbarum,плесень,25.0,30.0,56.00000000000001,3.2
2026-05-08,Cupressaceae (кипарисовые),древесные,6.0,30.0,56.00000000000001,3.2
2026-05-08,Curvularia lunata,плесень,10.0,30.0,56.00000000000001,3.2
2026-05-08,Cyperaceae (осоковые),травы,15.0,30.0,56.00000000000001,3.2
2026-05-08,Fagus (бук),древесные,0.0,30.0,56.00000000000001,3.2
2026-05-08,Liliaceae (лилейные),травы,0.0,30.0,56.00000000000001,3.2
2026-05-08,Picea (ель),древесные,9.0,30.0,56.00000000000001,3.2
2026-05-08,Pinus (сосна),древесные,28.0,30.0,56.00000000000001,3.2
2026-05-08,Plantago (подорожник),травы,0.0,30.0,56.00000000000001,3.2
2026-05-08,Platanus (платан),древесные,0.0,30.0,56.00000000000001,3.2
2026-05-08,Poaceae (злаковые),травы,24.0,30.0,56.00000000000001,3.2
2026-05-08,Populus (тополь),древесные,30.0,30.0,56.00000000000001,3.2
2026-05-08,Quercus (дуб),древесные,0.0,30.0,56.00000000000001,3.2
2026-05-08,Salix (ива),древесные,8.0,30.0,56.00000000000001,3.2
2026-05-08,Ulmus (вяз),древесные,0.0,30.0,56.00000000000001,3.2
2026-05-09,Alnus (ольха),древесные,0.0,28.0,57.99999999999999,3.5
2026-05-09,Alternaria alternata,плесень,12.0,28.0,57.99999999999999,3.5
2026-05-09,Betula (берёза),древесные,9.0,28.0,57.99999999999999,3.5
2026-05-09,Brassica (рапс),травы,0.0,28.0,57.99999999999999,3.5
2026-05-09,Cladosporium herbarum,плесень,23.0,28.0,57.99999999999999,3.5
2026-05-09,Cupressaceae (кипарисовые),древесные,12.0,28.0,57.99999999999999,3.5
2026-05-09,Curvularia lunata,плесень,13.0,28.0,57.99999999999999,3.5
2026-05-09,Cyperaceae (осоковые),травы,18.0,28.0,57.99999999999999,3.5
2026-05-09,Fagus (бук),древесные,0.0,28.0,57.99999999999999,3.5
2026-05-09,Liliaceae (лилейные),травы,0.0,28.0,57.99999999999999,3.5
2026-05-09,Picea (ель),древесные,7.0,28.0,57.99999999999999,3.5
2026-05-09,Pinus (сосна),древесные,24.0,28.0,57.99999999999999,3.5
2026-05-09,Plantago (подорожник),травы,14.0,28.0,57.99999999999999,3.5
2026-05-09,Platanus (платан),древесные,0.0,28.0,57.99999999999999,3.5
2026-05-09,Poaceae (злаковые),травы,30.0,28.0,57.99999999999999,3.5
2026-05-09,Populus (тополь),древесные,0.0,28.0,57.99999999999999,3.5
2026-05-09,Quercus (дуб),древесные,0.0,28.0,57.99999999999999,3.5
2026-05-09,Salix (ива),древесные,5.0,28.0,57.99999999999999,3.5
2026-05-09,Ulmus (вяз),древесные,0.0,28.0,57.99999999999999,3.5
2026-05-10,Alnus (ольха),древесные,0.0,20.0,60.0,3.7
2026-05-10,Alternaria alternata,плесень,10.0,20.0,60.0,3.7
2026-05-10,Betula (берёза),древесные,3.0,20.0,60.0,3.7
2026-05-10,Brassica (рапс),травы,0.0,20.0,60.0,3.7
2026-05-10,Cladosporium herbarum,плесень,34.0,20.0,60.0,3.7
2026-05-10,Cupressaceae (кипарисовые),древесные,1.0,20.0,60.0,3.7
2026-05-10,Curvularia lunata,плесень,25.0,20.0,60.0,3.7
2026-05-10,Cyperaceae (осоковые),травы,5.0,20.0,60.0,3.7
2026-05-10,Fagus (бук),древесные,0.0,20.0,60.0,3.7
2026-05-10,Liliaceae (лилейные),травы,0.0,20.0,60.0,3.7
2026-05-10,Picea (ель),древесные,1.0,20.0,60.0,3.7
2026-05-10,Pinus (сосна),древесные,7.0,20.0,60.0,3.7
2026-05-10,Plantago (подорожник),травы,0.0,20.0,60.0,3.7
2026-05-10,Platanus (платан),древесные,0.0,20.0,60.0,3.7
2026-05-10,Poaceae (злаковые),травы,0.0,20.0,60.0,3.7
2026-05-10,Populus (тополь),древесные,0.0,20.0,60.0,3.7
2026-05-10,Quercus (дуб),древесные,0.0,20.0,60.0,3.7
2026-05-10,Salix (ива),древесные,1.0,20.0,60.0,3.7
2026-05-10,Ulmus (вяз),древесные,0.0,20.0,60.0,3.7
2026-05-11,Alnus (ольха),древесные,0.0,17.0,57.99999999999999,3.2
2026-05-11,Alternaria alternata,плесень,12.0,17.0,57.99999999999999,3.2
2026-05-11,Apiaceae (зонтичные),травы,0.0,17.0,57.99999999999999,3.2
2026-05-11,Betula (берёза),древесные,1.0,17.0,57.99999999999999,3.2
2026-05-11,Cladosporium herbarum,плесень,36.0,17.0,57.99999999999999,3.2
2026-05-11,Cupressaceae (кипарисовые),древесные,1.0,17.0,57.99999999999999,3.2
2026-05-11,Curvularia lunata,плесень,22.0,17.0,57.99999999999999,3.2
2026-05-11,Cyperaceae (осоковые),травы,4.0,17.0,57.99999999999999,3.2
2026-05-11,Fagus (бук),древесные,0.0,17.0,57.99999999999999,3.2
2026-05-11,Juglans (грецкий орех),древесные,1.0,17.0,57.99999999999999,3.2
2026-05-11,Liliaceae (лилейные),травы,0.0,17.0,57.99999999999999,3.2
2026-05-11,Onobrychis (эспарцет),травы,0.0,17.0,57.99999999999999,3.2
2026-05-11,Picea (ель),древесные,1.0,17.0,57.99999999999999,3.2
2026-05-11,Pinus (сосна),древесные,5.0,17.0,57.99999999999999,3.2
2026-05-11,Plantago (подорожник),травы,0.0,17.0,57.99999999999999,3.2
2026-05-11,Platanus (платан),древесные,0.0,17.0,57.99999999999999,3.2
2026-05-11,Poaceae (злаковые),травы,1.0,17.0,57.99999999999999,3.2
2026-05-11,Populus (тополь),древесные,0.0,17.0,57.99999999999999,3.2
2026-05-11,Quercus (дуб),древесные,0.0,17.0,57.99999999999999,3.2
2026-05-11,Salix (ива),древесные,0.0,17.0,57.99999999999999,3.2
2026-05-11,Taraxacum (одуванчик),травы,0.0,17.0,57.99999999999999,3.2
2026-05-11,Ulmus (вяз),древесные,0.0,17.0,57.99999999999999,3.2
2026-05-11,Urticaceae (крапивные),травы,0.0,17.0,57.99999999999999,3.2
2026-05-12,Alnus (ольха),древесные,0.0,14.0,60.0,3.4
2026-05-12,Alternaria alternata,плесень,15.0,14.0,60.0,3.4
2026-05-12,Apiaceae (зонтичные),травы,0.0,14.0,60.0,3.4
2026-05-12,Betula (берёза),древесные,7.0,14.0,60.0,3.4
2026-05-12,Cladosporium herbarum,плесень,33.0,14.0,60.0,3.4
2026-05-12,Cupressaceae (кипарисовые),древесные,0.0,14.0,60.0,3.4
2026-05-12,Curvularia lunata,плесень,28.0,14.0,60.0,3.4
2026-05-12,Cyperaceae (осоковые),травы,9.0,14.0,60.0,3.4
2026-05-12,Fagus (бук),древесные,0.0,14.0,60.0,3.4
2026-05-12,Juglans (грецкий орех),древесные,0.0,14.0,60.0,3.4
2026-05-12,Liliaceae (лилейные),травы,0.0,14.0,60.0,3.4
2026-05-12,Onobrychis (эспарцет),травы,0.0,14.0,60.0,3.4
2026-05-12,Picea (ель),древесные,1.0,14.0,60.0,3.4
2026-05-12,Pinus (сосна),древесные,6.0,14.0,60.0,3.4
2026-05-12,Plantago (подорожник),травы,0.0,14.0,60.0,3.4
2026-05-12,Platanus (платан),древесные,0.0,14.0,60.0,3.4
2026-05-12,Poaceae (злаковые),травы,7.0,14.0,60.0,3.4
2026-05-12,Populus (тополь),древесные,0.0,14.0,60.0,3.4
2026-05-12,Quercus (дуб),древесные,0.0,14.0,60.0,3.4
2026-05-12,Salix (ива),древесные,0.0,14.0,60.0,3.4
2026-05-12,Taraxacum (одуванчик),травы,0.0,14.0,60.0,3.4
2026-05-12,Ulmus (вяз),древесные,0.0,14.0,60.0,3.4
2026-05-12,Urticaceae (крапивные),травы,0.0,14.0,60.0,3.4
2026-05-13,Alnus (ольха),древесные,0.0,18.0,57.99999999999999,3.5
2026-05-13,Alternaria alternata,плесень,23.0,18.0,57.99999999999999,3.5
2026-05-13,Apiaceae (зонтичные),травы,0.0,18.0,57.99999999999999,3.5
2026-05-13,Betula (берёза),древесные,9.0,18.0,57.99999999999999,3.5
2026-05-13,Cladosporium herbarum,плесень,30.0,18.0,57.99999999999999,3.5
2026-05-13,Cupressaceae (кипарисовые),древесные,0.0,18.0,57.99999999999999,3.5
2026-05-13,Curvularia lunata,плесень,25.0,18.0,57.99999999999999,3.5
2026-05-13,Cyperaceae (осоковые),травы,3.0,18.0,57.99999999999999,3.5
2026-05-13,Fagus (бук),древесные,0.0,18.0,57.99999999999999,3.5
2026-05-13,Juglans (грецкий орех),древесные,0.0,18.0,57.99999999999999,3.5
2026-05-13,Liliaceae (лилейные),травы,1.0,18.0,57.99999999999999,3.5
2026-05-13,Onobrychis (эспарцет),травы,0.0,18.0,57.99999999999999,3.5
2026-05-13,Picea (ель),древесные,1.0,18.0,57.99999999999999,3.5
2026-05-13,Pinus (сосна),древесные,5.0,18.0,57.99999999999999,3.5
2026-05-13,Plantago (подорожник),травы,0.0,18.0,57.99999999999999,3.5
2026-05-13,Platanus (платан),древесные,0.0,18.0,57.99999999999999,3.5
2026-05-13,Poaceae (злаковые),травы,12.0,18.0,57.99999999999999,3.5
2026-05-13,Populus (тополь),древесные,0.0,18.0,57.99999999999999,3.5
2026-05-13,Quercus (дуб),древесные,0.0,18.0,57.99999999999999,3.5
2026-05-13,Salix (ива),древесные,0.0,18.0,57.99999999999999,3.5
2026-05-13,Taraxacum (одуванчик),травы,1.0,18.0,57.99999999999999,3.5
2026-05-13,Ulmus (вяз),древесные,0.0,18.0,57.99999999999999,3.5
2026-05-13,Urticaceae (крапивные),травы,0.0,18.0,57.99999999999999,3.5
2026-05-14,Alnus (ольха),древесные,0.0,,,
2026-05-14,Alternaria alternata,плесень,0.0,,,
2026-05-14,Apiaceae (зонтичные),травы,8.0,21.0,56.99999999999999,4.0
2026-05-14,Betula (берёза),древесные,0.0,,,
2026-05-14,Cladosporium herbarum,плесень,0.0,,,
2026-05-14,Cupressaceae (кипарисовые),древесные,0.0,,,
2026-05-14,Curvularia lunata,плесень,0.0,,,
2026-05-14,Cyperaceae (осоковые),травы,0.0,,,
2026-05-14,Fagus (бук),древесные,0.0,,,
2026-05-14,Juglans (грецкий орех),древесные,0.0,,,
2026-05-14,Liliaceae (лилейные),травы,0.0,,,
2026-05-14,Onobrychis (эспарцет),травы,2.0,21.0,56.99999999999999,4.0
2026-05-14,Picea (ель),древесные,0.0,,,
2026-05-14,Pinus (сосна),древесные,0.0,,,
2026-05-14,Plantago (подорожник),травы,0.0,,,
2026-05-14,Platanus (платан),древесные,0.0,,,
2026-05-14,Poaceae (злаковые),травы,0.0,,,
2026-05-14,Populus (тополь),древесные,0.0,,,
2026-05-14,Quercus (дуб),древесные,0.0,,,
2026-05-14,Salix (ива),древесные,0.0,,,
2026-05-14,Taraxacum (одуванчик),травы,0.0,,,
2026-05-14,Ulmus (вяз),древесные,0.0,,,
2026-05-14,Urticaceae (крапивные),травы,4.0,21.0,56.99999999999999,4.0
2026-05-15,Alnus (ольха),древесные,0.0,,,
2026-05-15,Alternaria alternata,плесень,0.0,,,
2026-05-15,Apiaceae (зонтичные),травы,0.0,19.0,56.00000000000001,3.2
2026-05-15,Betula (берёза),древесные,0.0,,,
2026-05-15,Cladosporium herbarum,плесень,0.0,,,
2026-05-15,Cupressaceae (кипарисовые),древесные,0.0,,,
2026-05-15,Curvularia lunata,плесень,0.0,,,
2026-05-15,Cyperaceae (осоковые),травы,0.0,,,
2026-05-15,Fagus (бук),древесные,0.0,,,
2026-05-15,Juglans (грецкий орех),древесные,0.0,,,
2026-05-15,Liliaceae (лилейные),травы,0.0,,,
2026-05-15,Onobrychis (эспарцет),травы,0.0,19.0,56.00000000000001,3.2
2026-05-15,Picea (ель),древесные,0.0,,,
2026-05-15,Pinus (сосна),древесные,0.0,,,
2026-05-15,Plantago (подорожник),травы,0.0,,,
2026-05-15,Platanus (платан),древесные,0.0,,,
2026-05-15,Poaceae (злаковые),травы,0.0,,,
2026-05-15,Populus (тополь),древесные,0.0,,,
2026-05-15,Quercus (дуб),древесные,0.0,,,
2026-05-15,Salix (ива),древесные,0.0,,,
2026-05-15,Taraxacum (одуванчик),травы,0.0,,,
2026-05-15,Ulmus (вяз),древесные,0.0,,,
2026-05-15,Urticaceae (крапивные),травы,0.0,19.0,56.00000000000001,3.2
2026-05-16,Alnus (ольха),древесные,0.0,,,
2026-05-16,Alternaria alternata,плесень,0.0,,,
2026-05-16,Apiaceae (зонтичные),травы,0.0,22.0,56.99999999999999,3.9
2026-05-16,Betula (берёза),древесные,0.0,,,
2026-05-16,Cladosporium herbarum,плесень,0.0,,,
2026-05-16,Cupressaceae (кипарисовые),древесные,0.0,,,
2026-05-16,Curvularia lunata,плесень,0.0,,,
2026-05-16,Cyperaceae (осоковые),травы,0.0,,,
2026-05-16,Fagus (бук),древесные,0.0,,,
2026-05-16,Juglans (грецкий орех),древесные,0.0,,,
2026-05-16,Liliaceae (лилейные),травы,0.0,,,
2026-05-16,Onobrychis (эспарцет),травы,0.0,22.0,56.99999999999999,3.9
2026-05-16,Picea (ель),древесные,0.0,,,
2026-05-16,Pinus (сосна),древесные,0.0,,,
2026-05-16,Plantago (подорожник),травы,0.0,,,
2026-05-16,Platanus (платан),древесные,0.0,,,
2026-05-16,Poaceae (злаковые),травы,0.0,,,
2026-05-16,Populus (тополь),древесные,0.0,,,
2026-05-16,Quercus (дуб),древесные,0.0,,,
2026-05-16,Salix (ива),древесные,0.0,,,
2026-05-16,Taraxacum (одуванчик),травы,0.0,,,
2026-05-16,Ulmus (вяз),древесные,0.0,,,
2026-05-16,Urticaceae (крапивные),травы,0.0,22.0,56.99999999999999,3.9
2026-05-17,Alnus (ольха),древесные,0.0,,,
2026-05-17,Alternaria alternata,плесень,0.0,,,
2026-05-17,Apiaceae (зонтичные),травы,1.0,24.0,57.99999999999999,3.5
2026-05-17,Betula (берёза),древесные,0.0,,,
2026-05-17,Cladosporium herbarum,плесень,0.0,,,
2026-05-17,Cupressaceae (кипарисовые),древесные,0.0,,,
2026-05-17,Curvularia lunata,плесень,0.0,,,
2026-05-17,Cyperaceae (осоковые),травы,0.0,,,
2026-05-17,Fagus (бук),древесные,0.0,,,
2026-05-17,Juglans (грецкий орех),древесные,0.0,,,
2026-05-17,Liliaceae (лилейные),травы,0.0,,,
2026-05-17,Onobrychis (эспарцет),травы,0.0,24.0,57.99999999999999,3.5
2026-05-17,Picea (ель),древесные,0.0,,,
2026-05-17,Pinus (сосна),древесные,0.0,,,
2026-05-17,Plantago (подорожник),травы,0.0,,,
2026-05-17,Platanus (платан),древесные,0.0,,,
2026-05-17,Poaceae (злаковые),травы,0.0,,,
2026-05-17,Populus (тополь),древесные,0.0,,,
2026-05-17,Quercus (дуб),древесные,0.0,,,
2026-05-17,Salix (ива),древесные,0.0,,,
2026-05-17,Taraxacum (одуванчик),травы,0.0,,,
2026-05-17,Ulmus (вяз),древесные,0.0,,,
2026-05-17,Urticaceae (крапивные),травы,3.0,24.0,57.99999999999999,3.5
2026-05-18,Alternaria alternata,плесень,16.0,24.0,57.99999999999999,4.0
2026-05-18,Apiaceae (зонтичные),травы,4.0,24.0,57.99999999999999,4.0
2026-05-18,Betula (берёза),древесные,0.0,24.0,57.99999999999999,4.0
2026-05-18,Cladosporium herbarum,плесень,30.0,24.0,57.99999999999999,4.0
2026-05-18,Cupressaceae (кипарисовые),древесные,1.0,24.0,57.99999999999999,4.0
2026-05-18,Curvularia lunata,плесень,24.0,24.0,57.99999999999999,4.0
2026-05-18,Cyperaceae (осоковые),травы,22.0,24.0,57.99999999999999,4.0
2026-05-18,Liliaceae (лилейные),травы,1.0,24.0,57.99999999999999,4.0
2026-05-18,Picea (ель),древесные,0.0,24.0,57.99999999999999,4.0
2026-05-18,Pinus (сосна),древесные,3.0,24.0,57.99999999999999,4.0
2026-05-18,Plantago (подорожник),травы,2.0,24.0,57.99999999999999,4.0
2026-05-18,Poaceae (злаковые),травы,38.0,24.0,57.99999999999999,4.0
2026-05-18,Quercus (дуб),древесные,0.0,24.0,57.99999999999999,4.0
2026-05-18,Taraxacum (одуванчик),травы,1.0,24.0,57.99999999999999,4.0
2026-05-18,Urticaceae (крапивные),травы,5.0,24.0,57.99999999999999,4.0
2026-05-19,Alternaria alternata,плесень,15.0,23.0,57.99999999999999,3.7
2026-05-19,Apiaceae (зонтичные),травы,4.0,23.0,57.99999999999999,3.7
2026-05-19,Betula (берёза),древесные,0.0,23.0,57.99999999999999,3.7
2026-05-19,Cladosporium herbarum,плесень,27.0,23.0,57.99999999999999,3.7
2026-05-19,Cupressaceae (кипарисовые),древесные,0.0,23.0,57.99999999999999,3.7
2026-05-19,Curvularia lunata,плесень,22.0,23.0,57.99999999999999,3.7
2026-05-19,Cyperaceae (осоковые),травы,12.0,23.0,57.99999999999999,3.7
2026-05-19,Liliaceae (лилейные),травы,1.0,23.0,57.99999999999999,3.7
2026-05-19,Picea (ель),древесные,0.0,23.0,57.99999999999999,3.7
2026-05-19,Pinus (сосна),древесные,0.0,23.0,57.99999999999999,3.7
2026-05-19,Plantago (подорожник),травы,0.0,23.0,57.99999999999999,3.7
2026-05-19,Poaceae (злаковые),травы,17.0,23.0,57.99999999999999,3.7
2026-05-19,Quercus (дуб),древесные,0.0,23.0,57.99999999999999,3.7
2026-05-19,Taraxacum (одуванчик),травы,0.0,23.0,57.99999999999999,3.7
2026-05-19,Urticaceae (крапивные),травы,0.0,23.0,57.99999999999999,3.7
2026-05-20,Alternaria alternata,плесень,17.0,22.0,57.99999999999999,3.5
2026-05-20,Apiaceae (зонтичные),травы,5.0,22.0,57.99999999999999,3.5
2026-05-20,Betula (берёза),древесные,0.0,22.0,57.99999999999999,3.5
2026-05-20,Cladosporium herbarum,плесень,25.0,22.0,57.99999999999999,3.5
2026-05-20,Cupressaceae (кипарисовые),древесные,1.0,22.0,57.99999999999999,3.5
2026-05-20,Curvularia lunata,плесень,21.0,22.0,57.99999999999999,3.5
2026-05-20,Cyperaceae (осоковые),травы,15.0,22.0,57.99999999999999,3.5
2026-05-20,Liliaceae (лилейные),травы,1.0,22.0,57.99999999999999,3.5
2026-05-20,Picea (ель),древесные,0.0,22.0,57.99999999999999,3.5
2026-05-20,Pinus (сосна),древесные,4.0,22.0,57.99999999999999,3.5
2026-05-20,Plantago (подорожник),травы,3.0,22.0,57.99999999999999,3.5
2026-05-20,Poaceae (злаковые),травы,36.0,22.0,57.99999999999999,3.5
2026-05-20,Quercus (дуб),древесные,0.0,22.0,57.99999999999999,3.5
2026-05-20,Taraxacum (одуванчик),травы,0.0,22.0,57.99999999999999,3.5
2026-05-20,Urticaceae (крапивные),травы,10.0,22.0,57.99999999999999,3.5
2026-05-21,Alternaria alternata,плесень,12.0,24.0,57.99999999999999,4.1
2026-05-21,Apiaceae (зонтичные),травы,1.0,24.0,57.99999999999999,4.1
2026-05-21,Betula (берёза),древесные,1.0,24.0,57.99999999999999,4.1
2026-05-21,Cladosporium herbarum,плесень,24.0,24.0,57.99999999999999,4.1
2026-05-21,Cupressaceae (кипарисовые),древесные,1.0,24.0,57.99999999999999,4.1
2026-05-21,Curvularia lunata,плесень,16.0,24.0,57.99999999999999,4.1
2026-05-21,Cyperaceae (осоковые),травы,5.0,24.0,57.99999999999999,4.1
2026-05-21,Liliaceae (лилейные),травы,1.0,24.0,57.99999999999999,4.1
2026-05-21,Picea (ель),древесные,1.0,24.0,57.99999999999999,4.1
2026-05-21,Pinus (сосна),древесные,0.0,24.0,57.99999999999999,4.1
2026-05-21,Plantago (подорожник),травы,0.0,24.0,57.99999999999999,4.1
2026-05-21,Poaceae (злаковые),травы,15.0,24.0,57.99999999999999,4.1
2026-05-21,Quercus (дуб),древесные,0.0,24.0,57.99999999999999,4.1
2026-05-21,Taraxacum (одуванчик),травы,0.0,24.0,57.99999999999999,4.1
2026-05-21,Urticaceae (крапивные),травы,3.0,24.0,57.99999999999999,4.1
2026-05-22,Alternaria alternata,плесень,9.0,20.0,56.99999999999999,4.0
2026-05-22,Apiaceae (зонтичные),травы,0.0,20.0,56.99999999999999,4.0
2026-05-22,Betula (берёза),древесные,0.0,20.0,56.99999999999999,4.0
2026-05-22,Cladosporium herbarum,плесень,28.0,20.0,56.99999999999999,4.0
2026-05-22,Cupressaceae (кипарисовые),древесные,0.0,20.0,56.99999999999999,4.0
2026-05-22,Curvularia lunata,плесень,19.0,20.0,56.99999999999999,4.0
2026-05-22,Cyperaceae (осоковые),травы,0.0,20.0,56.99999999999999,4.0
2026-05-22,Liliaceae (лилейные),травы,0.0,20.0,56.99999999999999,4.0
2026-05-22,Picea (ель),древесные,0.0,20.0,56.99999999999999,4.0
2026-05-22,Pinus (сосна),древесные,0.0,20.0,56.99999999999999,4.0
2026-05-22,Plantago (подорожник),травы,0.0,20.0,56.99999999999999,4.0
2026-05-22,Poaceae (злаковые),травы,4.0,20.0,56.99999999999999,4.0
2026-05-22,Quercus (дуб),древесные,1.0,20.0,56.99999999999999,4.0
2026-05-22,Taraxacum (одуванчик),травы,0.0,20.0,56.99999999999999,4.0
2026-05-22,Urticaceae (крапивные),травы,0.0,20.0,56.99999999999999,4.0
2026-05-23,Alternaria alternata,плесень,13.0,17.0,57.99999999999999,3.7
2026-05-23,Apiaceae (зонтичные),травы,0.0,17.0,57.99999999999999,3.7
2026-05-23,Betula (берёза),древесные,2.0,17.0,57.99999999999999,3.7
2026-05-23,Cladosporium herbarum,плесень,31.0,17.0,57.99999999999999,3.7
2026-05-23,Cupressaceae (кипарисовые),древесные,0.0,17.0,57.99999999999999,3.7
2026-05-23,Curvularia lunata,плесень,17.0,17.0,57.99999999999999,3.7
2026-05-23,Cyperaceae (осоковые),травы,4.0,17.0,57.99999999999999,3.7
2026-05-23,Liliaceae (лилейные),травы,0.0,17.0,57.99999999999999,3.7
2026-05-23,Picea (ель),древесные,1.0,17.0,57.99999999999999,3.7
2026-05-23,Pinus (сосна),древесные,0.0,17.0,57.99999999999999,3.7
2026-05-23,Plantago (подорожник),травы,0.0,17.0,57.99999999999999,3.7
2026-05-23,Poaceae (злаковые),травы,5.0,17.0,57.99999999999999,3.7
2026-05-23,Quercus (дуб),древесные,0.0,17.0,57.99999999999999,3.7
2026-05-23,Taraxacum (одуванчик),травы,0.0,17.0,57.99999999999999,3.7
2026-05-23,Urticaceae (крапивные),травы,3.0,17.0,57.99999999999999,3.7
2026-05-24,Alternaria alternata,плесень,15.0,22.0,57.99999999999999,3.2
2026-05-24,Apiaceae (зонтичные),травы,1.0,22.0,57.99999999999999,3.2
2026-05-24,Betula (берёза),древесные,0.0,22.0,57.99999999999999,3.2
2026-05-24,Cladosporium herbarum,плесень,30.0,22.0,57.99999999999999,3.2
2026-05-24,Cupressaceae (кипарисовые),древесные,0.0,22.0,57.99999999999999,3.2
2026-05-24,Curvularia lunata,плесень,14.0,22.0,57.99999999999999,3.2
2026-05-24,Cyperaceae (осоковые),травы,6.0,22.0,57.99999999999999,3.2
2026-05-24,Liliaceae (лилейные),травы,0.0,22.0,57.99999999999999,3.2
2026-05-24,Picea (ель),древесные,0.0,22.0,57.99999999999999,3.2
2026-05-24,Pinus (сосна),древесные,2.0,22.0,57.99999999999999,3.2
2026-05-24,Plantago (подорожник),травы,1.0,22.0,57.99999999999999,3.2
2026-05-24,Poaceae (злаковые),травы,12.0,22.0,57.99999999999999,3.2
2026-05-24,Quercus (дуб),древесные,0.0,22.0,57.99999999999999,3.2
2026-05-24,Taraxacum (одуванчик),травы,0.0,22.0,57.99999999999999,3.2
2026-05-24,Urticaceae (крапивные),травы,18.0,22.0,57.99999999999999,3.2
2026-05-25,Alternaria alternata,плесень,12.0,25.0,55.00000000000001,3.7
2026-05-25,Apiaceae (зонтичные),травы,1.0,25.0,55.00000000000001,3.7
2026-05-25,Artemisia (полынь),травы,1.0,25.0,55.00000000000001,3.7
2026-05-25,Betula (берёза),древесные,2.0,25.0,55.00000000000001,3.7
2026-05-25,Bipolaris spicifera,плесень,0.0,25.0,55.00000000000001,3.7
2026-05-25,Chenopodiaceae (маревые),травы,0.0,25.0,55.00000000000001,3.7
2026-05-25,Cladosporium herbarum,плесень,27.0,25.0,55.00000000000001,3.7
2026-05-25,Curvularia lunata,плесень,10.0,25.0,55.00000000000001,3.7
2026-05-25,Cyperaceae (осоковые),травы,12.0,25.0,55.00000000000001,3.7
2026-05-25,Liliaceae (лилейные),травы,0.0,25.0,55.00000000000001,3.7
2026-05-25,Picea (ель),древесные,1.0,25.0,55.00000000000001,3.7
2026-05-25,Pinus (сосна),древесные,3.0,25.0,55.00000000000001,3.7
2026-05-25,Plantago (подорожник),травы,0.0,25.0,55.00000000000001,3.7
2026-05-25,Poaceae (злаковые),травы,31.0,25.0,55.00000000000001,3.7
2026-05-25,Quercus (дуб),древесные,0.0,25.0,55.00000000000001,3.7
2026-05-25,Rumex (щавель),травы,0.0,25.0,55.00000000000001,3.7
2026-05-25,Tilia (липа),древесные,0.0,25.0,55.00000000000001,3.7
2026-05-25,Urticaceae (крапивные),травы,11.0,25.0,55.00000000000001,3.7
2026-05-26,Alternaria alternata,плесень,15.0,25.0,55.00000000000001,3.9
2026-05-26,Apiaceae (зонтичные),травы,2.0,25.0,55.00000000000001,3.9
2026-05-26,Artemisia (полынь),травы,0.0,25.0,55.00000000000001,3.9
2026-05-26,Betula (берёза),древесные,0.0,25.0,55.00000000000001,3.9
2026-05-26,Bipolaris spicifera,плесень,10.0,25.0,55.00000000000001,3.9
2026-05-26,Chenopodiaceae (маревые),травы,0.0,25.0,55.00000000000001,3.9
2026-05-26,Cladosporium herbarum,плесень,30.0,25.0,55.00000000000001,3.9
2026-05-26,Curvularia lunata,плесень,12.0,25.0,55.00000000000001,3.9
2026-05-26,Cyperaceae (осоковые),травы,6.0,25.0,55.00000000000001,3.9
2026-05-26,Liliaceae (лилейные),травы,0.0,25.0,55.00000000000001,3.9
2026-05-26,Picea (ель),древесные,1.0,25.0,55.00000000000001,3.9
2026-05-26,Pinus (сосна),древесные,3.0,25.0,55.00000000000001,3.9
2026-05-26,Plantago (подорожник),травы,1.0,25.0,55.00000000000001,3.9
2026-05-26,Poaceae (злаковые),травы,13.0,25.0,55.00000000000001,3.9
2026-05-26,Quercus (дуб),древесные,0.0,25.0,55.00000000000001,3.9
2026-05-26,Rumex (щавель),травы,3.0,25.0,55.00000000000001,3.9
2026-05-26,Tilia (липа),древесные,1.0,25.0,55.00000000000001,3.9
2026-05-26,Urticaceae (крапивные),травы,8.0,25.0,55.00000000000001,3.9
2026-05-27,Alternaria alternata,плесень,13.0,26.0,52.0,3.7
2026-05-27,Apiaceae (зонтичные),травы,4.0,26.0,52.0,3.7
2026-05-27,Artemisia (полынь),травы,1.0,26.0,52.0,3.7
2026-05-27,Betula (берёза),древесные,0.0,26.0,52.0,3.7
2026-05-27,Bipolaris spicifera,плесень,7.0,26.0,52.0,3.7
2026-05-27,Chenopodiaceae (маревые),травы,0.0,26.0,52.0,3.7
2026-05-27,Cladosporium herbarum,плесень,35.0,26.0,52.0,3.7
2026-05-27,Curvularia lunata,плесень,9.0,26.0,52.0,3.7
2026-05-27,Cyperaceae (осоковые),травы,9.0,26.0,52.0,3.7
2026-05-27,Liliaceae (лилейные),травы,0.0,26.0,52.0,3.7
2026-05-27,Picea (ель),древесные,0.0,26.0,52.0,3.7
2026-05-27,Pinus (сосна),древесные,0.0,26.0,52.0,3.7
2026-05-27,Plantago (подорожник),травы,1.0,26.0,52.0,3.7
2026-05-27,Poaceae (злаковые),травы,26.0,26.0,52.0,3.7
2026-05-27,Quercus (дуб),древесные,0.0,26.0,52.0,3.7
2026-05-27,Rumex (щавель),травы,2.0,26.0,52.0,3.7
2026-05-27,Tilia (липа),древесные,1.0,26.0,52.0,3.7
2026-05-27,Urticaceae (крапивные),травы,6.0,26.0,52.0,3.7
2026-05-28,Alternaria alternata,плесень,14.0,24.0,52.0,3.2
2026-05-28,Apiaceae (зонтичные),травы,2.0,24.0,52.0,3.2
2026-05-28,Artemisia (полынь),травы,0.0,24.0,52.0,3.2
2026-05-28,Betula (берёза),древесные,0.0,24.0,52.0,3.2
2026-05-28,Bipolaris spicifera,плесень,3.0,24.0,52.0,3.2
2026-05-28,Chenopodiaceae (маревые),травы,1.0,24.0,52.0,3.2
2026-05-28,Cladosporium herbarum,плесень,33.0,24.0,52.0,3.2
2026-05-28,Curvularia lunata,плесень,7.0,24.0,52.0,3.2
2026-05-28,Cyperaceae (осоковые),травы,6.0,24.0,52.0,3.2
2026-05-28,Liliaceae (лилейные),травы,0.0,24.0,52.0,3.2
2026-05-28,Picea (ель),древесные,0.0,24.0,52.0,3.2
2026-05-28,Pinus (сосна),древесные,0.0,24.0,52.0,3.2
2026-05-28,Plantago (подорожник),травы,2.0,24.0,52.0,3.2
2026-05-28,Poaceae (злаковые),травы,16.0,24.0,52.0,3.2
2026-05-28,Quercus (дуб),древесные,0.0,24.0,52.0,3.2
2026-05-28,Rumex (щавель),травы,1.0,24.0,52.0,3.2
2026-05-28,Tilia (липа),древесные,2.0,24.0,52.0,3.2
2026-05-28,Urticaceae (крапивные),травы,7.0,24.0,52.0,3.2
2026-05-29,Alternaria alternata,плесень,40.0,27.0,51.0,3.5
2026-05-29,Apiaceae (зонтичные),травы,0.0,27.0,51.0,3.5
2026-05-29,Artemisia (полынь),травы,1.0,27.0,51.0,3.5
2026-05-29,Betula (берёза),древесные,0.0,27.0,51.0,3.5
2026-05-29,Bipolaris spicifera,плесень,2.0,27.0,51.0,3.5
2026-05-29,Chenopodiaceae (маревые),травы,0.0,27.0,51.0,3.5
2026-05-29,Cladosporium herbarum,плесень,63.0,27.0,51.0,3.5
2026-05-29,Curvularia lunata,плесень,12.0,27.0,51.0,3.5
2026-05-29,Cyperaceae (осоковые),травы,7.0,27.0,51.0,3.5
2026-05-29,Liliaceae (лилейные),травы,0.0,27.0,51.0,3.5
2026-05-29,Picea (ель),древесные,0.0,27.0,51.0,3.5
2026-05-29,Pinus (сосна),древесные,0.0,27.0,51.0,3.5
2026-05-29,Plantago (подорожник),травы,0.0,27.0,51.0,3.5
2026-05-29,Poaceae (злаковые),травы,16.0,27.0,51.0,3.5
2026-05-29,Quercus (дуб),древесные,0.0,27.0,51.0,3.5
2026-05-29,Rumex (щавель),травы,7.0,27.0,51.0,3.5
2026-05-29,Tilia (липа),древесные,3.0,27.0,51.0,3.5
2026-05-29,Urticaceae (крапивные),травы,12.0,27.0,51.0,3.5
2026-05-30,Alternaria alternata,плесень,33.0,29.0,52.0,3.7
2026-05-30,Apiaceae (зонтичные),травы,0.0,29.0,52.0,3.7
2026-05-30,Artemisia (полынь),травы,1.0,29.0,52.0,3.7
2026-05-30,Betula (берёза),древесные,0.0,29.0,52.0,3.7
2026-05-30,Bipolaris spicifera,плесень,0.0,29.0,52.0,3.7
2026-05-30,Chenopodiaceae (маревые),травы,0.0,29.0,52.0,3.7
2026-05-30,Cladosporium herbarum,плесень,47.0,29.0,52.0,3.7
2026-05-30,Curvularia lunata,плесень,10.0,29.0,52.0,3.7
2026-05-30,Cyperaceae (осоковые),травы,5.0,29.0,52.0,3.7
2026-05-30,Liliaceae (лилейные),травы,1.0,29.0,52.0,3.7
2026-05-30,Picea (ель),древесные,1.0,29.0,52.0,3.7
2026-05-30,Pinus (сосна),древесные,4.0,29.0,52.0,3.7
2026-05-30,Plantago (подорожник),травы,0.0,29.0,52.0,3.7
2026-05-30,Poaceae (злаковые),травы,13.0,29.0,52.0,3.7
2026-05-30,Quercus (дуб),древесные,0.0,29.0,52.0,3.7
2026-05-30,Rumex (щавель),травы,6.0,29.0,52.0,3.7
2026-05-30,Tilia (липа),древесные,0.0,29.0,52.0,3.7
2026-05-30,Urticaceae (крапивные),травы,8.0,29.0,52.0,3.7
2026-05-31,Alternaria alternata,плесень,28.0,31.0,51.0,3.4
2026-05-31,Apiaceae (зонтичные),травы,1.0,31.0,51.0,3.4
2026-05-31,Artemisia (полынь),травы,0.0,31.0,51.0,3.4
2026-05-31,Betula (берёза),древесные,0.0,31.0,51.0,3.4
2026-05-31,Bipolaris spicifera,плесень,0.0,31.0,51.0,3.4
2026-05-31,Chenopodiaceae (маревые),травы,0.0,31.0,51.0,3.4
2026-05-31,Cladosporium herbarum,плесень,41.0,31.0,51.0,3.4
2026-05-31,Curvularia lunata,плесень,7.0,31.0,51.0,3.4
2026-05-31,Cyperaceae (осоковые),травы,7.0,31.0,51.0,3.4
2026-05-31,Liliaceae (лилейные),травы,0.0,31.0,51.0,3.4
2026-05-31,Picea (ель),древесные,1.0,31.0,51.0,3.4
2026-05-31,Pinus (сосна),древесные,2.0,31.0,51.0,3.4
2026-05-31,Plantago (подорожник),травы,0.0,31.0,51.0,3.4
2026-05-31,Poaceae (злаковые),травы,15.0,31.0,51.0,3.4
2026-05-31,Quercus (дуб),древесные,1.0,31.0,51.0,3.4
2026-05-31,Rumex (щавель),травы,8.0,31.0,51.0,3.4
2026-05-31,Tilia (липа),древесные,1.0,31.0,51.0,3.4
2026-05-31,Urticaceae (крапивные),травы,10.0,31.0,51.0,3.4
2026-07-01,Alternaria alternata,плесень,10.0,25.0,41.0,3.2
2026-07-01,Ambrosia (амброзия),травы,1.0,25.0,41.0,3.2
2026-07-01,Artemisia (полынь),травы,12.0,25.0,41.0,3.2
2026-07-01,Bipolaris spicifera,плесень,20.0,25.0,41.0,3.2
2026-07-01,Cladosporium herbarum,плесень,35.0,25.0,41.0,3.2
2026-07-01,Curvularia lunata,плесень,3.0,25.0,41.0,3.2
2026-07-01,Cyperaceae (осоковые),травы,3.0,25.0,41.0,3.2
2026-07-01,Plantago (подорожник),травы,0.0,25.0,41.0,3.2
2026-07-01,Poaceae (злаковые),травы,8.0,25.0,41.0,3.2
2026-07-01,Tilia (липа),древесные,2.0,25.0,41.0,3.2
2026-07-01,Uredospores,плесень,5.0,25.0,41.0,3.2
2026-07-01,Urticaceae (крапивные),травы,9.0,25.0,41.0,3.2
2026-07-02,Alternaria alternata,плесень,8.0,28.0,43.0,3.9
2026-07-02,Ambrosia (амброзия),травы,0.0,28.0,43.0,3.9
2026-07-02,Artemisia (полынь),травы,7.0,28.0,43.0,3.9
2026-07-02,Bipolaris spicifera,плесень,27.0,28.0,43.0,3.9
2026-07-02,Cladosporium herbarum,плесень,22.0,28.0,43.0,3.9
2026-07-02,Curvularia lunata,плесень,0.0,28.0,43.0,3.9
2026-07-02,Cyperaceae (осоковые),травы,3.0,28.0,43.0,3.9
2026-07-02,Plantago (подорожник),травы,2.0,28.0,43.0,3.9
2026-07-02,Poaceae (злаковые),травы,3.0,28.0,43.0,3.9
2026-07-02,Tilia (липа),древесные,0.0,28.0,43.0,3.9
2026-07-02,Uredospores,плесень,0.0,28.0,43.0,3.9
2026-07-02,Urticaceae (крапивные),травы,2.0,28.0,43.0,3.9
2026-07-03,Alternaria alternata,плесень,4.0,18.0,42.0,3.5
2026-07-03,Ambrosia (амброзия),травы,0.0,18.0,42.0,3.5
2026-07-03,Artemisia (полынь),травы,1.0,18.0,42.0,3.5
2026-07-03,Bipolaris spicifera,плесень,31.0,18.0,42.0,3.5
2026-07-03,Cladosporium herbarum,плесень,17.0,18.0,42.0,3.5
2026-07-03,Curvularia lunata,плесень,0.0,18.0,42.0,3.5
2026-07-03,Cyperaceae (осоковые),травы,0.0,18.0,42.0,3.5
2026-07-03,Plantago (подорожник),травы,0.0,18.0,42.0,3.5
2026-07-03,Poaceae (злаковые),травы,0.0,18.0,42.0,3.5
2026-07-03,Tilia (липа),древесные,0.0,18.0,42.0,3.5
2026-07-03,Uredospores,плесень,0.0,18.0,42.0,3.5
2026-07-03,Urticaceae (крапивные),травы,0.0,18.0,42.0,3.5
2026-07-04,Alternaria alternata,плесень,31.0,20.0,43.0,3.4
2026-07-04,Ambrosia (амброзия),травы,0.0,20.0,43.0,3.4
2026-07-04,Artemisia (полынь),травы,7.0,20.0,43.0,3.4
2026-07-04,Bipolaris spicifera,плесень,20.0,20.0,43.0,3.4
2026-07-04,Cladosporium herbarum,плесень,93.0,20.0,43.0,3.4
2026-07-04,Curvularia lunata,плесень,0.0,20.0,43.0,3.4
2026-07-04,Cyperaceae (осоковые),травы,0.0,20.0,43.0,3.4
2026-07-04,Plantago (подорожник),травы,0.0,20.0,43.0,3.4
2026-07-04,Poaceae (злаковые),травы,10.0,20.0,43.0,3.4
2026-07-04,Tilia (липа),древесные,0.0,20.0,43.0,3.4
2026-07-04,Uredospores,плесень,0.0,20.0,43.0,3.4
2026-07-04,Urticaceae (крапивные),травы,5.0,20.0,43.0,3.4
2026-07-05,Alternaria alternata,плесень,24.0,27.0,45.0,4.0
2026-07-05,Ambrosia (амброзия),травы,0.0,27.0,45.0,4.0
2026-07-05,Artemisia (полынь),травы,13.0,27.0,45.0,4.0
2026-07-05,Bipolaris spicifera,плесень,16.0,27.0,45.0,4.0
2026-07-05,Cladosporium herbarum,плесень,44.0,27.0,45.0,4.0
2026-07-05,Curvularia lunata,плесень,0.0,27.0,45.0,4.0
2026-07-05,Cyperaceae (осоковые),травы,4.0,27.0,45.0,4.0
2026-07-05,Plantago (подорожник),травы,0.0,27.0,45.0,4.0
2026-07-05,Poaceae (злаковые),травы,11.0,27.0,45.0,4.0
2026-07-05,Tilia (липа),древесные,0.0,27.0,45.0,4.0
2026-07-05,Uredospores,плесень,0.0,27.0,45.0,4.0
2026-07-05,Urticaceae (крапивные),травы,9.0,27.0,45.0,4.0
2026-07-06,Alternaria alternata,плесень,14.0,28.0,45.0,3.2
2026-07-06,Ambrosia (амброзия),травы,1.0,28.0,45.0,3.2
2026-07-06,Artemisia (полынь),травы,9.0,28.0,45.0,3.2
2026-07-06,Bipolaris spicifera,плесень,4.0,28.0,45.0,3.2
2026-07-06,Chenopodiaceae (маревые),травы,0.0,28.0,45.0,3.2
2026-07-06,Cladosporium herbarum,плесень,23.0,28.0,45.0,3.2
2026-07-06,Curvularia lunata,плесень,0.0,28.0,45.0,3.2
2026-07-06,Cyperaceae (осоковые),травы,0.0,28.0,45.0,3.2
2026-07-06,Liliaceae (лилейные),травы,0.0,28.0,45.0,3.2
2026-07-06,Plantago (подорожник),травы,1.0,28.0,45.0,3.2
2026-07-06,Poaceae (злаковые),травы,7.0,28.0,45.0,3.2
2026-07-06,Rumex (щавель),травы,0.0,28.0,45.0,3.2
2026-07-06,Uredospores,плесень,0.0,28.0,45.0,3.2
2026-07-06,Urticaceae (крапивные),травы,5.0,28.0,45.0,3.2
2026-07-07,Alternaria alternata,плесень,30.0,29.0,42.0,3.4
2026-07-07,Ambrosia (амброзия),травы,0.0,29.0,42.0,3.4
2026-07-07,Artemisia (полынь),травы,16.0,29.0,42.0,3.4
2026-07-07,Bipolaris spicifera,плесень,7.0,29.0,42.0,3.4
2026-07-07,Chenopodiaceae (маревые),травы,0.0,29.0,42.0,3.4
2026-07-07,Cladosporium herbarum,плесень,38.0,29.0,42.0,3.4
2026-07-07,Curvularia lunata,плесень,3.0,29.0,42.0,3.4
2026-07-07,Cyperaceae (осоковые),травы,6.0,29.0,42.0,3.4
2026-07-07,Liliaceae (лилейные),травы,0.0,29.0,42.0,3.4
2026-07-07,Plantago (подорожник),травы,3.0,29.0,42.0,3.4
2026-07-07,Poaceae (злаковые),травы,13.0,29.0,42.0,3.4
2026-07-07,Rumex (щавель),травы,1.0,29.0,42.0,3.4
2026-07-07,Uredospores,плесень,3.0,29.0,42.0,3.4
2026-07-07,Urticaceae (крапивные),травы,11.0,29.0,42.0,3.4
2026-07-08,Alternaria alternata,плесень,27.0,31.0,39.0,3.4
2026-07-08,Ambrosia (амброзия),травы,0.0,31.0,39.0,3.4
2026-07-08,Artemisia (полынь),травы,4.0,31.0,39.0,3.4
2026-07-08,Bipolaris spicifera,плесень,5.0,31.0,39.0,3.4
2026-07-08,Chenopodiaceae (маревые),травы,3.0,31.0,39.0,3.4
2026-07-08,Cladosporium herbarum,плесень,33.0,31.0,39.0,3.4
2026-07-08,Curvularia lunata,плесень,0.0,31.0,39.0,3.4
2026-07-08,Cyperaceae (осоковые),травы,0.0,31.0,39.0,3.4
2026-07-08,Liliaceae (лилейные),травы,1.0,31.0,39.0,3.4
2026-07-08,Plantago (подорожник),травы,3.0,31.0,39.0,3.4
2026-07-08,Poaceae (злаковые),травы,15.0,31.0,39.0,3.4
2026-07-08,Rumex (щавель),травы,2.0,31.0,39.0,3.4
2026-07-08,Uredospores,плесень,7.0,31.0,39.0,3.4
2026-07-08,Urticaceae (крапивные),травы,12.0,31.0,39.0,3.4
2026-07-13,Alternaria alternata,плесень,25.0,29.0,43.0,3.9
2026-07-13,Ambrosia (амброзия),травы,0.0,29.0,43.0,3.9
2026-07-13,Apiaceae (зонтичные),травы,0.0,29.0,43.0,3.9
2026-07-13,Artemisia (полынь),травы,16.0,29.0,43.0,3.9
2026-07-13,Bipolaris spicifera,плесень,0.0,29.0,43.0,3.9
2026-07-13,Chenopodiaceae (маревые),травы,6.0,29.0,43.0,3.9
2026-07-13,Cladosporium herbarum,плесень,29.0,29.0,43.0,3.9
2026-07-13,Curvularia lunata,плесень,4.0,29.0,43.0,3.9
2026-07-13,Cyperaceae (осоковые),травы,5.0,29.0,43.0,3.9
2026-07-13,Liliaceae (лилейные),травы,0.0,29.0,43.0,3.9
2026-07-13,Moraceae (тутовые),древесные,0.0,29.0,43.0,3.9
2026-07-13,Plantago (подорожник),травы,3.0,29.0,43.0,3.9
2026-07-13,Poaceae (злаковые),травы,12.0,29.0,43.0,3.9
2026-07-13,Rumex (щавель),травы,0.0,29.0,43.0,3.9
2026-07-13,Uredospores,плесень,0.0,29.0,43.0,3.9
2026-07-13,Urticaceae (крапивные),травы,8.0,29.0,43.0,3.9
2026-07-14,Alternaria alternata,плесень,21.0,31.0,46.0,3.7
2026-07-14,Ambrosia (амброзия),травы,0.0,31.0,46.0,3.7
2026-07-14,Apiaceae (зонтичные),травы,0.0,31.0,46.0,3.7
2026-07-14,Artemisia (полынь),травы,18.0,31.0,46.0,3.7
2026-07-14,Bipolaris spicifera,плесень,0.0,31.0,46.0,3.7
2026-07-14,Chenopodiaceae (маревые),травы,7.0,31.0,46.0,3.7
2026-07-14,Cladosporium herbarum,плесень,24.0,31.0,46.0,3.7
2026-07-14,Curvularia lunata,плесень,0.0,31.0,46.0,3.7
2026-07-14,Cyperaceae (осоковые),травы,6.0,31.0,46.0,3.7
2026-07-14,Liliaceae (лилейные),травы,0.0,31.0,46.0,3.7
2026-07-14,Moraceae (тутовые),древесные,0.0,31.0,46.0,3.7
2026-07-14,Plantago (подорожник),травы,7.0,31.0,46.0,3.7
2026-07-14,Poaceae (злаковые),травы,16.0,31.0,46.0,3.7
2026-07-14,Rumex (щавель),травы,0.0,31.0,46.0,3.7
2026-07-14,Uredospores,плесень,0.0,31.0,46.0,3.7
2026-07-14,Urticaceae (крапивные),травы,6.0,31.0,46.0,3.7
2026-07-15,Alternaria alternata,плесень,21.0,34.0,45.0,3.7
2026-07-15,Ambrosia (амброзия),травы,0.0,34.0,45.0,3.7
2026-07-15,Apiaceae (зонтичные),травы,0.0,34.0,45.0,3.7
2026-07-15,Artemisia (полынь),травы,26.0,34.0,45.0,3.7
2026-07-15,Bipolaris spicifera,плесень,0.0,34.0,45.0,3.7
2026-07-15,Chenopodiaceae (маревые),травы,9.0,34.0,45.0,3.7
2026-07-15,Cladosporium herbarum,плесень,19.0,34.0,45.0,3.7
2026-07-15,Curvularia lunata,плесень,2.0,34.0,45.0,3.7
2026-07-15,Cyperaceae (осоковые),травы,3.0,34.0,45.0,3.7
2026-07-15,Liliaceae (лилейные),травы,0.0,34.0,45.0,3.7
2026-07-15,Moraceae (тутовые),древесные,0.0,34.0,45.0,3.7
2026-07-15,Plantago (подорожник),травы,6.0,34.0,45.0,3.7
2026-07-15,Poaceae (злаковые),травы,15.0,34.0,45.0,3.7
2026-07-15,Rumex (щавель),травы,0.0,34.0,45.0,3.7
2026-07-15,Uredospores,плесень,0.0,34.0,45.0,3.7
2026-07-15,Urticaceae (крапивные),травы,9.0,34.0,45.0,3.7
2026-07-16,Alternaria alternata,плесень,17.0,36.0,45.0,3.5
2026-07-16,Ambrosia (амброзия),травы,1.0,36.0,45.0,3.5
2026-07-16,Apiaceae (зонтичные),травы,0.0,36.0,45.0,3.5
2026-07-16,Artemisia (полынь),травы,29.0,36.0,45.0,3.5
2026-07-16,Bipolaris spicifera,плесень,0.0,36.0,45.0,3.5
2026-07-16,Chenopodiaceae (маревые),травы,8.0,36.0,45.0,3.5
2026-07-16,Cladosporium herbarum,плесень,23.0,36.0,45.0,3.5
2026-07-16,Curvularia lunata,плесень,0.0,36.0,45.0,3.5
2026-07-16,Cyperaceae (осоковые),травы,8.0,36.0,45.0,3.5
2026-07-16,Liliaceae (лилейные),травы,2.0,36.0,45.0,3.5
2026-07-16,Moraceae (тутовые),древесные,0.0,36.0,45.0,3.5
2026-07-16,Plantago (подорожник),травы,10.0,36.0,45.0,3.5
2026-07-16,Poaceae (злаковые),травы,20.0,36.0,45.0,3.5
2026-07-16,Rumex (щавель),травы,1.0,36.0,45.0,3.5
2026-07-16,Uredospores,плесень,2.0,36.0,45.0,3.5
2026-07-16,Urticaceae (крапивные),травы,12.0,36.0,45.0,3.5
2026-07-17,Alternaria alternata,плесень,19.0,38.0,44.0,3.2
2026-07-17,Ambrosia (амброзия),травы,1.0,38.0,44.0,3.2
2026-07-17,Apiaceae (зонтичные),травы,2.0,38.0,44.0,3.2
2026-07-17,Artemisia (полынь),травы,26.0,38.0,44.0,3.2
2026-07-17,Bipolaris spicifera,плесень,0.0,38.0,44.0,3.2
2026-07-17,Chenopodiaceae (маревые),травы,5.0,38.0,44.0,3.2
2026-07-17,Cladosporium herbarum,плесень,27.0,38.0,44.0,3.2
2026-07-17,Curvularia lunata,плесень,0.0,38.0,44.0,3.2
2026-07-17,Cyperaceae (осоковые),травы,7.0,38.0,44.0,3.2
2026-07-17,Liliaceae (лилейные),травы,1.0,38.0,44.0,3.2
2026-07-17,Moraceae (тутовые),древесные,9.0,38.0,44.0,3.2
2026-07-17,Plantago (подорожник),травы,3.0,38.0,44.0,3.2
2026-07-17,Poaceae (злаковые),травы,25.0,38.0,44.0,3.2
2026-07-17,Rumex (щавель),травы,1.0,38.0,44.0,3.2
2026-07-17,Uredospores,плесень,2.0,38.0,44.0,3.2
2026-07-17,Urticaceae (крапивные),травы,15.0,38.0,44.0,3.2
2026-07-18,Alternaria alternata,плесень,15.0,39.0,43.0,3.2
2026-07-18,Ambrosia (амброзия),травы,1.0,39.0,43.0,3.2
2026-07-18,Apiaceae (зонтичные),травы,0.0,39.0,43.0,3.2
2026-07-18,Artemisia (полынь),травы,10.0,39.0,43.0,3.2
2026-07-18,Bipolaris spicifera,плесень,2.0,39.0,43.0,3.2
2026-07-18,Chenopodiaceae (маревые),травы,5.0,39.0,43.0,3.2
2026-07-18,Cladosporium herbarum,плесень,26.0,39.0,43.0,3.2
2026-07-18,Curvularia lunata,плесень,0.0,39.0,43.0,3.2
2026-07-18,Cyperaceae (осоковые),травы,7.0,39.0,43.0,3.2
2026-07-18,Liliaceae (лилейные),травы,1.0,39.0,43.0,3.2
2026-07-18,Moraceae (тутовые),древесные,9.0,39.0,43.0,3.2
2026-07-18,Plantago (подорожник),травы,5.0,39.0,43.0,3.2
2026-07-18,Poaceae (злаковые),травы,19.0,39.0,43.0,3.2
2026-07-18,Rumex (щавель),травы,0.0,39.0,43.0,3.2
2026-07-18,Uredospores,плесень,1.0,39.0,43.0,3.2
2026-07-18,Urticaceae (крапивные),травы,12.0,39.0,43.0,3.2
2026-07-19,Alternaria alternata,плесень,13.0,40.0,42.0,3.5
2026-07-19,Ambrosia (амброзия),травы,2.0,40.0,42.0,3.5
2026-07-19,Apiaceae (зонтичные),травы,0.0,40.0,42.0,3.5
2026-07-19,Artemisia (полынь),травы,11.0,40.0,42.0,3.5
2026-07-19,Bipolaris spicifera,плесень,3.0,40.0,42.0,3.5
2026-07-19,Chenopodiaceae (маревые),травы,4.0,40.0,42.0,3.5
2026-07-19,Cladosporium herbarum,плесень,30.0,40.0,42.0,3.5
2026-07-19,Curvularia lunata,плесень,0.0,40.0,42.0,3.5
2026-07-19,Cyperaceae (осоковые),травы,8.0,40.0,42.0,3.5
2026-07-19,Liliaceae (лилейные),травы,0.0,40.0,42.0,3.5
2026-07-19,Moraceae (тутовые),древесные,10.0,40.0,42.0,3.5
2026-07-19,Plantago (подорожник),травы,7.0,40.0,42.0,3.5
2026-07-19,Poaceae (злаковые),травы,16.0,40.0,42.0,3.5
2026-07-19,Rumex (щавель),травы,0.0,40.0,42.0,3.5
2026-07-19,Uredospores,плесень,0.0,40.0,42.0,3.5
2026-07-19,Urticaceae (крапивные),травы,10.0,40.0,42.0,3.5
2026-07-20,Alternaria alternata,плесень,10.0,39.0,40.0,3.4
2026-07-20,Ambrosia (амброзия),травы,2.0,39.0,40.0,3.4
2026-07-20,Artemisia (полынь),травы,11.0,39.0,40.0,3.4
2026-07-20,Bipolaris spicifera,плесень,0.0,39.0,40.0,3.4
2026-07-20,Cannabaceae (коноплёвые),травы,0.0,39.0,40.0,3.4
2026-07-20,Chenopodiaceae (маревые),травы,8.0,39.0,40.0,3.4
2026-07-20,Cladosporium herbarum,плесень,24.0,39.0,40.0,3.4
2026-07-20,Curvularia lunata,плесень,2.0,39.0,40.0,3.4
2026-07-20,Cyperaceae (осоковые),травы,9.0,39.0,40.0,3.4
2026-07-20,Liliaceae (лилейные),травы,0.0,39.0,40.0,3.4
2026-07-20,Moraceae (тутовые),древесные,6.0,39.0,40.0,3.4
2026-07-20,Plantago (подорожник),травы,5.0,39.0,40.0,3.4
2026-07-20,Poaceae (злаковые),травы,16.0,39.0,40.0,3.4
2026-07-20,Rumex (щавель),травы,2.0,39.0,40.0,3.4
2026-07-20,Uredospores,плесень,2.0,39.0,40.0,3.4
2026-07-20,Urticaceae (крапивные),травы,7.0,39.0,40.0,3.4
2026-07-21,Alternaria alternata,плесень,7.0,30.0,43.0,3.5
2026-07-21,Ambrosia (амброзия),травы,0.0,30.0,43.0,3.5
2026-07-21,Artemisia (полынь),травы,12.0,30.0,43.0,3.5
2026-07-21,Bipolaris spicifera,плесень,5.0,30.0,43.0,3.5
2026-07-21,Cannabaceae (коноплёвые),травы,0.0,30.0,43.0,3.5
2026-07-21,Chenopodiaceae (маревые),травы,6.0,30.0,43.0,3.5
2026-07-21,Cladosporium herbarum,плесень,16.0,30.0,43.0,3.5
2026-07-21,Curvularia lunata,плесень,3.0,30.0,43.0,3.5
2026-07-21,Cyperaceae (осоковые),травы,7.0,30.0,43.0,3.5
2026-07-21,Liliaceae (лилейные),травы,0.0,30.0,43.0,3.5
2026-07-21,Moraceae (тутовые),древесные,4.0,30.0,43.0,3.5
2026-07-21,Plantago (подорожник),травы,3.0,30.0,43.0,3.5
2026-07-21,Poaceae (злаковые),травы,13.0,30.0,43.0,3.5
2026-07-21,Rumex (щавель),травы,0.0,30.0,43.0,3.5
2026-07-21,Uredospores,плесень,2.0,30.0,43.0,3.5
2026-07-21,Urticaceae (крапивные),травы,11.0,30.0,43.0,3.5
2026-07-22,Alternaria alternata,плесень,19.0,25.0,43.0,3.4
2026-07-22,Ambrosia (амброзия),травы,1.0,25.0,43.0,3.4
2026-07-22,Artemisia (полынь),травы,10.0,25.0,43.0,3.4
2026-07-22,Bipolaris spicifera,плесень,0.0,25.0,43.0,3.4
2026-07-22,Cannabaceae (коноплёвые),травы,0.0,25.0,43.0,3.4
2026-07-22,Chenopodiaceae (маревые),травы,4.0,25.0,43.0,3.4
2026-07-22,Cladosporium herbarum,плесень,38.0,25.0,43.0,3.4
2026-07-22,Curvularia lunata,плесень,2.0,25.0,43.0,3.4
2026-07-22,Cyperaceae (осоковые),травы,11.0,25.0,43.0,3.4
2026-07-22,Liliaceae (лилейные),травы,0.0,25.0,43.0,3.4
2026-07-22,Moraceae (тутовые),древесные,3.0,25.0,43.0,3.4
2026-07-22,Plantago (подорожник),травы,2.0,25.0,43.0,3.4
2026-07-22,Poaceae (злаковые),травы,11.0,25.0,43.0,3.4
2026-07-22,Rumex (щавель),травы,0.0,25.0,43.0,3.4
2026-07-22,Uredospores,плесень,2.0,25.0,43.0,3.4
2026-07-22,Urticaceae (крапивные),травы,13.0,25.0,43.0,3.4
2026-07-23,Alternaria alternata,плесень,22.0,26.0,40.0,3.2
2026-07-23,Ambrosia (амброзия),травы,3.0,26.0,40.0,3.2
2026-07-23,Artemisia (полынь),травы,11.0,26.0,40.0,3.2
2026-07-23,Bipolaris spicifera,плесень,0.0,26.0,40.0,3.2
2026-07-23,Cannabaceae (коноплёвые),травы,0.0,26.0,40.0,3.2
2026-07-23,Chenopodiaceae (маревые),травы,6.0,26.0,40.0,3.2
2026-07-23,Cladosporium herbarum,плесень,34.0,26.0,40.0,3.2
2026-07-23,Curvularia lunata,плесень,0.0,26.0,40.0,3.2
2026-07-23,Cyperaceae (осоковые),травы,14.0,26.0,40.0,3.2
2026-07-23,Liliaceae (лилейные),травы,0.0,26.0,40.0,3.2
2026-07-23,Moraceae (тутовые),древесные,4.0,26.0,40.0,3.2
2026-07-23,Plantago (подорожник),травы,4.0,26.0,40.0,3.2
2026-07-23,Poaceae (злаковые),травы,10.0,26.0,40.0,3.2
2026-07-23,Rumex (щавель),травы,0.0,26.0,40.0,3.2
2026-07-23,Uredospores,плесень,0.0,26.0,40.0,3.2
2026-07-23,Urticaceae (крапивные),травы,12.0,26.0,40.0,3.2
2026-07-24,Alternaria alternata,плесень,15.0,28.0,41.0,3.4
2026-07-24,Ambrosia (амброзия),травы,1.0,28.0,41.0,3.4
2026-07-24,Artemisia (полынь),травы,10.0,28.0,41.0,3.4
2026-07-24,Bipolaris spicifera,плесень,4.0,28.0,41.0,3.4
2026-07-24,Cannabaceae (коноплёвые),травы,0.0,28.0,41.0,3.4
2026-07-24,Chenopodiaceae (маревые),травы,7.0,28.0,41.0,3.4
2026-07-24,Cladosporium herbarum,плесень,31.0,28.0,41.0,3.4
2026-07-24,Curvularia lunata,плесень,0.0,28.0,41.0,3.4
2026-07-24,Cyperaceae (осоковые),травы,4.0,28.0,41.0,3.4
2026-07-24,Liliaceae (лилейные),травы,0.0,28.0,41.0,3.4
2026-07-24,Moraceae (тутовые),древесные,0.0,28.0,41.0,3.4
2026-07-24,Plantago (подорожник),травы,5.0,28.0,41.0,3.4
2026-07-24,Poaceae (злаковые),травы,8.0,28.0,41.0,3.4
2026-07-24,Rumex (щавель),травы,2.0,28.0,41.0,3.4
2026-07-24,Uredospores,плесень,2.0,28.0,41.0,3.4
2026-07-24,Urticaceae (крапивные),травы,13.0,28.0,41.0,3.4
2026-07-25,Alternaria alternata,плесень,34.0,30.0,42.0,2.7
2026-07-25,Ambrosia (амброзия),травы,7.0,30.0,42.0,2.7
2026-07-25,Artemisia (полынь),травы,21.0,30.0,42.0,2.7
2026-07-25,Bipolaris spicifera,плесень,12.0,30.0,42.0,2.7
2026-07-25,Cannabaceae (коноплёвые),травы,3.0,30.0,42.0,2.7
2026-07-25,Chenopodiaceae (маревые),травы,9.0,30.0,42.0,2.7
2026-07-25,Cladosporium herbarum,плесень,40.0,30.0,42.0,2.7
2026-07-25,Curvularia lunata,плесень,3.0,30.0,42.0,2.7
2026-07-25,Cyperaceae (осоковые),травы,6.0,30.0,42.0,2.7
2026-07-25,Liliaceae (лилейные),травы,1.0,30.0,42.0,2.7
2026-07-25,Moraceae (тутовые),древесные,2.0,30.0,42.0,2.7
2026-07-25,Plantago (подорожник),травы,7.0,30.0,42.0,2.7
2026-07-25,Poaceae (злаковые),травы,12.0,30.0,42.0,2.7
2026-07-25,Rumex (щавель),травы,0.0,30.0,42.0,2.7
2026-07-25,Uredospores,плесень,0.0,30.0,42.0,2.7
2026-07-25,Urticaceae (крапивные),травы,15.0,30.0,42.0,2.7
2026-07-26,Alternaria alternata,плесень,28.0,29.0,41.0,3.2
2026-07-26,Ambrosia (амброзия),травы,5.0,29.0,41.0,3.2
2026-07-26,Artemisia (полынь),травы,9.0,29.0,41.0,3.2
2026-07-26,Bipolaris spicifera,плесень,8.0,29.0,41.0,3.2
2026-07-26,Cannabaceae (коноплёвые),травы,2.0,29.0,41.0,3.2
2026-07-26,Chenopodiaceae (маревые),травы,11.0,29.0,41.0,3.2
2026-07-26,Cladosporium herbarum,плесень,43.0,29.0,41.0,3.2
2026-07-26,Curvularia lunata,плесень,0.0,29.0,41.0,3.2
2026-07-26,Cyperaceae (осоковые),травы,0.0,29.0,41.0,3.2
2026-07-26,Liliaceae (лилейные),травы,0.0,29.0,41.0,3.2
2026-07-26,Moraceae (тутовые),древесные,3.0,29.0,41.0,3.2
2026-07-26,Plantago (подорожник),травы,6.0,29.0,41.0,3.2
2026-07-26,Poaceae (злаковые),травы,10.0,29.0,41.0,3.2
2026-07-26,Rumex (щавель),травы,0.0,29.0,41.0,3.2
2026-07-26,Uredospores,плесень,4.0,29.0,41.0,3.2
2026-07-26,Urticaceae (крапивные),травы,11.0,29.0,41.0,3.2
2026-07-27,Alternaria alternata,плесень,24.0,29.0,40.0,3.5
2026-07-27,Ambrosia (амброзия),травы,2.0,29.0,40.0,3.5
2026-07-27,Artemisia (полынь),травы,19.0,29.0,40.0,3.5
2026-07-27,Bipolaris spicifera,плесень,4.0,29.0,40.0,3.5
2026-07-27,Cannabaceae (коноплёвые),травы,7.0,29.0,40.0,3.5
2026-07-27,Chenopodiaceae (маревые),травы,12.0,29.0,40.0,3.5
2026-07-27,Cladosporium herbarum,плесень,35.0,29.0,40.0,3.5
2026-07-27,Curvularia lunata,плесень,6.0,29.0,40.0,3.5
2026-07-27,Cyperaceae (осоковые),травы,0.0,29.0,40.0,3.5
2026-07-27,Liliaceae (лилейные),травы,0.0,29.0,40.0,3.5
2026-07-27,Moraceae (тутовые),древесные,6.0,29.0,40.0,3.5
2026-07-27,Plantago (подорожник),травы,8.0,29.0,40.0,3.5
2026-07-27,Poaceae (злаковые),травы,13.0,29.0,40.0,3.5
2026-07-27,Rumex (щавель),травы,0.0,29.0,40.0,3.5
2026-07-27,Uredospores,плесень,0.0,29.0,40.0,3.5
2026-07-27,Urticaceae (крапивные),травы,10.0,29.0,40.0,3.5
2026-07-28,Alternaria alternata,плесень,26.0,28.0,42.0,3.5
2026-07-28,Ambrosia (амброзия),травы,6.0,28.0,42.0,3.5
2026-07-28,Artemisia (полынь),травы,26.0,28.0,42.0,3.5
2026-07-28,Bipolaris spicifera,плесень,3.0,28.0,42.0,3.5
2026-07-28,Cannabaceae (коноплёвые),травы,9.0,28.0,42.0,3.5
2026-07-28,Chenopodiaceae (маревые),травы,11.0,28.0,42.0,3.5
2026-07-28,Cladosporium herbarum,плесень,31.0,28.0,42.0,3.5
2026-07-28,Curvularia lunata,плесень,4.0,28.0,42.0,3.5
2026-07-28,Cyperaceae (осоковые),травы,0.0,28.0,42.0,3.5
2026-07-28,Liliaceae (лилейные),травы,1.0,28.0,42.0,3.5
2026-07-28,Moraceae (тутовые),древесные,8.0,28.0,42.0,3.5
2026-07-28,Plantago (подорожник),травы,10.0,28.0,42.0,3.5
2026-07-28,Poaceae (злаковые),травы,15.0,28.0,42.0,3.5
2026-07-28,Rumex (щавель),травы,1.0,28.0,42.0,3.5
2026-07-28,Uredospores,плесень,0.0,28.0,42.0,3.5
2026-07-28,Urticaceae (крапивные),травы,12.0,28.0,42.0,3.5
2026-07-29,Alternaria alternata,плесень,33.0,29.0,41.0,3.0
2026-07-29,Ambrosia (амброзия),травы,8.0,29.0,41.0,3.0
2026-07-29,Artemisia (полынь),травы,23.0,29.0,41.0,3.0
2026-07-29,Bipolaris spicifera,плесень,0.0,29.0,41.0,3.0
2026-07-29,Cannabaceae (коноплёвые),травы,12.0,29.0,41.0,3.0
2026-07-29,Chenopodiaceae (маревые),травы,7.0,29.0,41.0,3.0
2026-07-29,Cladosporium herbarum,плесень,36.0,29.0,41.0,3.0
2026-07-29,Curvularia lunata,плесень,8.0,29.0,41.0,3.0
2026-07-29,Cyperaceae (осоковые),травы,5.0,29.0,41.0,3.0
2026-07-29,Liliaceae (лилейные),травы,0.0,29.0,41.0,3.0
2026-07-29,Moraceae (тутовые),древесные,5.0,29.0,41.0,3.0
2026-07-29,Plantago (подорожник),травы,9.0,29.0,41.0,3.0
2026-07-29,Poaceae (злаковые),травы,14.0,29.0,41.0,3.0
2026-07-29,Rumex (щавель),травы,0.0,29.0,41.0,3.0
2026-07-29,Uredospores,плесень,4.0,29.0,41.0,3.0
2026-07-29,Urticaceae (крапивные),травы,11.0,29.0,41.0,3.0
2026-07-30,Alternaria alternata,плесень,31.0,30.0,41.0,3.2
2026-07-30,Ambrosia (амброзия),травы,10.0,30.0,41.0,3.2
2026-07-30,Artemisia (полынь),травы,17.0,30.0,41.0,3.2
2026-07-30,Bipolaris spicifera,плесень,0.0,30.0,41.0,3.2
2026-07-30,Cannabaceae (коноплёвые),травы,13.0,30.0,41.0,3.2
2026-07-30,Chenopodiaceae (маревые),травы,10.0,30.0,41.0,3.2
2026-07-30,Cladosporium herbarum,плесень,43.0,30.0,41.0,3.2
2026-07-30,Curvularia lunata,плесень,12.0,30.0,41.0,3.2
2026-07-30,Cyperaceae (осоковые),травы,3.0,30.0,41.0,3.2
2026-07-30,Liliaceae (лилейные),травы,1.0,30.0,41.0,3.2
2026-07-30,Moraceae (тутовые),древесные,6.0,30.0,41.0,3.2
2026-07-30,Plantago (подорожник),травы,7.0,30.0,41.0,3.2
2026-07-30,Poaceae (злаковые),травы,16.0,30.0,41.0,3.2
2026-07-30,Rumex (щавель),травы,0.0,30.0,41.0,3.2
2026-07-30,Uredospores,плесень,0.0,30.0,41.0,3.2
2026-07-30,Urticaceae (крапивные),травы,8.0,30.0,41.0,3.2
2026-07-31,Alternaria alternata,плесень,36.0,32.0,41.0,3.4
2026-07-31,Ambrosia (амброзия),травы,5.0,32.0,41.0,3.4
2026-07-31,Artemisia (полынь),травы,31.0,32.0,41.0,3.4
2026-07-31,Bipolaris spicifera,плесень,9.0,32.0,41.0,3.4
2026-07-31,Cannabaceae (коноплёвые),травы,16.0,32.0,41.0,3.4
2026-07-31,Chenopodiaceae (маревые),травы,7.0,32.0,41.0,3.4
2026-07-31,Cladosporium herbarum,плесень,50.0,32.0,41.0,3.4
2026-07-31,Curvularia lunata,плесень,16.0,32.0,41.0,3.4
2026-07-31,Cyperaceae (осоковые),травы,5.0,32.0,41.0,3.4
2026-07-31,Liliaceae (лилейные),травы,0.0,32.0,41.0,3.4
2026-07-31,Moraceae (тутовые),древесные,8.0,32.0,41.0,3.4
2026-07-31,Plantago (подорожник),травы,6.0,32.0,41.0,3.4
2026-07-31,Poaceae (злаковые),травы,13.0,32.0,41.0,3.4
2026-07-31,Rumex (щавель),травы,0.0,32.0,41.0,3.4
2026-07-31,Uredospores,плесень,0.0,32.0,41.0,3.4
2026-07-31,Urticaceae (крапивные),травы,12.0,32.0,41.0,3.4
2026-08-01,Alternaria alternata,плесень,13.0,32.0,41.0,3.5
2026-08-01,Ambrosia (амброзия),травы,2.0,32.0,41.0,3.5
2026-08-01,Artemisia (полынь),травы,11.0,32.0,41.0,3.5
2026-08-01,Bipolaris spicifera,плесень,0.0,32.0,41.0,3.5
2026-08-01,Cannabaceae (коноплёвые),травы,6.0,32.0,41.0,3.5
2026-08-01,Chenopodiaceae (маревые),травы,1.0,32.0,41.0,3.5
2026-08-01,Cladosporium herbarum,плесень,21.0,32.0,41.0,3.5
2026-08-01,Curvularia lunata,плесень,5.0,32.0,41.0,3.5
2026-08-01,Cyperaceae (осоковые),травы,0.0,32.0,41.0,3.5
2026-08-01,Liliaceae (лилейные),травы,0.0,32.0,41.0,3.5
2026-08-01,Moraceae (тутовые),древесные,3.0,32.0,41.0,3.5
2026-08-01,Plantago (подорожник),травы,2.0,32.0,41.0,3.5
2026-08-01,Poaceae (злаковые),травы,5.0,32.0,41.0,3.5
2026-08-01,Rumex (щавель),травы,0.0,32.0,41.0,3.5
2026-08-01,Uredospores,плесень,0.0,32.0,41.0,3.5
2026-08-01,Urticaceae (крапивные),травы,7.0,32.0,41.0,3.5
2026-08-02,Alternaria alternata,плесень,0.0,34.0,42.0,3.4
2026-08-02,Ambrosia (амброзия),травы,0.0,34.0,42.0,3.4
2026-08-02,Artemisia (полынь),травы,0.0,34.0,42.0,3.4
2026-08-02,Bipolaris spicifera,плесень,0.0,34.0,42.0,3.4
2026-08-02,Cannabaceae (коноплёвые),травы,0.0,34.0,42.0,3.4
2026-08-02,Chenopodiaceae (маревые),травы,0.0,34.0,42.0,3.4
2026-08-02,Cladosporium herbarum,плесень,0.0,34.0,42.0,3.4
2026-08-02,Curvularia lunata,плесень,0.0,34.0,42.0,3.4
2026-08-02,Cyperaceae (осоковые),травы,0.0,34.0,42.0,3.4
2026-08-02,Liliaceae (лилейные),травы,0.0,34.0,42.0,3.4
2026-08-02,Moraceae (тутовые),древесные,0.0,34.0,42.0,3.4
2026-08-02,Plantago (подорожник),травы,0.0,34.0,42.0,3.4
2026-08-02,Poaceae (злаковые),травы,0.0,34.0,42.0,3.4
2026-08-02,Rumex (щавель),травы,0.0,34.0,42.0,3.4
2026-08-02,Uredospores,плесень,0.0,34.0,42.0,3.4
2026-08-02,Urticaceae (крапивные),травы,0.0,34.0,42.0,3.4
2026-08-03,Alternaria alternata,плесень,31.0,35.0,43.0,3.2
2026-08-03,Ambrosia (амброзия),травы,7.0,35.0,43.0,3.2
2026-08-03,Apiaceae (зонтичные),травы,0.0,35.0,43.0,3.2
2026-08-03,Artemisia (полынь),травы,13.0,35.0,43.0,3.2
2026-08-03,Bipolaris spicifera,плесень,0.0,35.0,43.0,3.2
2026-08-03,Cannabaceae (коноплёвые),травы,12.0,35.0,43.0,3.2
2026-08-03,Chenopodiaceae (маревые),травы,8.0,35.0,43.0,3.2
2026-08-03,Cladosporium herbarum,плесень,43.0,35.0,43.0,3.2
2026-08-03,Curvularia lunata,плесень,0.0,35.0,43.0,3.2
2026-08-03,Cyperaceae (осоковые),травы,6.0,35.0,43.0,3.2
2026-08-03,Liliaceae (лилейные),травы,0.0,35.0,43.0,3.2
2026-08-03,Moraceae (тутовые),древесные,4.0,35.0,43.0,3.2
2026-08-03,Plantago (подорожник),травы,5.0,35.0,43.0,3.2
2026-08-03,Poaceae (злаковые),травы,10.0,35.0,43.0,3.2
2026-08-03,Rumex (щавель),травы,0.0,35.0,43.0,3.2
2026-08-03,Uredospores,плесень,4.0,35.0,43.0,3.2
2026-08-03,Urticaceae (крапивные),травы,15.0,35.0,43.0,3.2
2026-08-04,Alternaria alternata,плесень,24.0,23.0,44.0,2.9
2026-08-04,Ambrosia (амброзия),травы,2.0,23.0,44.0,2.9
2026-08-04,Apiaceae (зонтичные),травы,2.0,23.0,44.0,2.9
2026-08-04,Artemisia (полынь),травы,23.0,23.0,44.0,2.9
2026-08-04,Bipolaris spicifera,плесень,5.0,23.0,44.0,2.9
2026-08-04,Cannabaceae (коноплёвые),травы,7.0,23.0,44.0,2.9
2026-08-04,Chenopodiaceae (маревые),травы,3.0,23.0,44.0,2.9
2026-08-04,Cladosporium herbarum,плесень,35.0,23.0,44.0,2.9
2026-08-04,Curvularia lunata,плесень,8.0,23.0,44.0,2.9
2026-08-04,Cyperaceae (осоковые),травы,4.0,23.0,44.0,2.9
2026-08-04,Liliaceae (лилейные),травы,0.0,23.0,44.0,2.9
2026-08-04,Moraceae (тутовые),древесные,2.0,23.0,44.0,2.9
2026-08-04,Plantago (подорожник),травы,3.0,23.0,44.0,2.9
2026-08-04,Poaceae (злаковые),травы,8.0,23.0,44.0,2.9
2026-08-04,Rumex (щавель),травы,0.0,23.0,44.0,2.9
2026-08-04,Uredospores,плесень,0.0,23.0,44.0,2.9
2026-08-04,Urticaceae (крапивные),травы,9.0,23.0,44.0,2.9
2026-08-05,Alternaria alternata,плесень,30.0,24.0,39.0,3.5
2026-08-05,Ambrosia (амброзия),травы,6.0,24.0,39.0,3.5
2026-08-05,Apiaceae (зонтичные),травы,2.0,24.0,39.0,3.5
2026-08-05,Artemisia (полынь),травы,18.0,24.0,39.0,3.5
2026-08-05,Bipolaris spicifera,плесень,0.0,24.0,39.0,3.5
2026-08-05,Cannabaceae (коноплёвые),травы,8.0,24.0,39.0,3.5
2026-08-05,Chenopodiaceae (маревые),травы,5.0,24.0,39.0,3.5
2026-08-05,Cladosporium herbarum,плесень,38.0,24.0,39.0,3.5
2026-08-05,Curvularia lunata,плесень,3.0,24.0,39.0,3.5
2026-08-05,Cyperaceae (осоковые),травы,10.0,24.0,39.0,3.5
2026-08-05,Liliaceae (лилейные),травы,1.0,24.0,39.0,3.5
2026-08-05,Moraceae (тутовые),древесные,3.0,24.0,39.0,3.5
2026-08-05,Plantago (подорожник),травы,3.0,24.0,39.0,3.5
2026-08-05,Poaceae (злаковые),травы,7.0,24.0,39.0,3.5
2026-08-05,Rumex (щавель),травы,2.0,24.0,39.0,3.5
2026-08-05,Uredospores,плесень,2.0,24.0,39.0,3.5
2026-08-05,Urticaceae (крапивные),травы,11.0,24.0,39.0,3.5
2026-08-06,Alternaria alternata,плесень,36.0,29.0,38.0,3.0
2026-08-06,Ambrosia (амброзия),травы,10.0,29.0,38.0,3.0
2026-08-06,Apiaceae (зонтичные),травы,2.0,29.0,38.0,3.0
2026-08-06,Artemisia (полынь),травы,41.0,29.0,38.0,3.0
2026-08-06,Bipolaris spicifera,плесень,0.0,29.0,38.0,3.0
2026-08-06,Cannabaceae (коноплёвые),травы,10.0,29.0,38.0,3.0
2026-08-06,Chenopodiaceae (маревые),травы,7.0,29.0,38.0,3.0
2026-08-06,Cladosporium herbarum,плесень,49.0,29.0,38.0,3.0
2026-08-06,Curvularia lunata,плесень,0.0,29.0,38.0,3.0
2026-08-06,Cyperaceae (осоковые),травы,8.0,29.0,38.0,3.0
2026-08-06,Liliaceae (лилейные),травы,0.0,29.0,38.0,3.0
2026-08-06,Moraceae (тутовые),древесные,0.0,29.0,38.0,3.0
2026-08-06,Plantago (подорожник),травы,5.0,29.0,38.0,3.0
2026-08-06,Poaceae (злаковые),травы,10.0,29.0,38.0,3.0
2026-08-06,Rumex (щавель),травы,2.0,29.0,38.0,3.0
2026-08-06,Uredospores,плесень,0.0,29.0,38.0,3.0
2026-08-06,Urticaceae (крапивные),травы,12.0,29.0,38.0,3.0
